ID,Filename,Category,Extension,Size,Date,Path
DOC-0001,2020-03-24__femamax@gmail.com_ _femamax@gmail.com__FW_ MEINDL FORMAL EEOC COMPLAINT-E-SIGNED.pdf,EEOC_Complaints,.pdf,6.0 MB,2020-03-24,EEOC_Complaints\2020-03-24__femamax@gmail.com_ _femamax@gmail.com__FW_ MEINDL FORMAL EEOC COMPLAINT-E-SIGNED.pdf
DOC-0002,2024-12-23__Brent Smith_ _brent@bwsmithlaw.com__Re_ EEO.pdf,EEOC_Complaints,.pdf,629.1 KB,2024-12-23,EEOC_Complaints\2024-12-23__Brent Smith_ _brent@bwsmithlaw.com__Re_ EEO.pdf
DOC-0003,2024-12-23__Brent Smith_ _brent@bwsmithlaw.com__Re_ EEO_26.pdf,EEOC_Complaints,.pdf,629.1 KB,2024-12-23,EEOC_Complaints\2024-12-23__Brent Smith_ _brent@bwsmithlaw.com__Re_ EEO_26.pdf
DOC-0004,2024-12-23__Max_ _femamax@gmail.com__EEO_31.pdf,EEOC_Complaints,.pdf,1.1 MB,2024-12-23,EEOC_Complaints\2024-12-23__Max_ _femamax@gmail.com__EEO_31.pdf
DOC-0005,2024-12-23__Max_ _femamax@gmail.com__EEO_32.pdf,EEOC_Complaints,.pdf,1.1 MB,2024-12-23,EEOC_Complaints\2024-12-23__Max_ _femamax@gmail.com__EEO_32.pdf
DOC-0006,2024-12-23__Max_ _femamax@gmail.com__eeo.pdf,EEOC_Complaints,.pdf,757.8 KB,2024-12-23,EEOC_Complaints\2024-12-23__Max_ _femamax@gmail.com__eeo.pdf
DOC-0007,2024-12-23__Max_ _femamax@gmail.com__eeo_30.pdf,EEOC_Complaints,.pdf,757.8 KB,2024-12-23,EEOC_Complaints\2024-12-23__Max_ _femamax@gmail.com__eeo_30.pdf
DOC-0008,"2024-12-23__Meindl, Max_ _max.meindl@fema.dhs.gov__Automatic reply_ eeo.pdf",EEOC_Complaints,.pdf,669.4 KB,2024-12-23,"EEOC_Complaints\2024-12-23__Meindl, Max_ _max.meindl@fema.dhs.gov__Automatic reply_ eeo.pdf"
DOC-0009,"2024-12-23__Meindl, Max_ _max.meindl@fema.dhs.gov__Automatic reply_ eeo_16.pdf",EEOC_Complaints,.pdf,669.4 KB,2024-12-23,"EEOC_Complaints\2024-12-23__Meindl, Max_ _max.meindl@fema.dhs.gov__Automatic reply_ eeo_16.pdf"
DOC-0010,"2024-12-23__Meindl, Max_ _max.meindl@fema.dhs.gov__Fw_ EEO Complaint Form_95.pdf",EEOC_Complaints,.pdf,3.6 MB,2024-12-23,"EEOC_Complaints\2024-12-23__Meindl, Max_ _max.meindl@fema.dhs.gov__Fw_ EEO Complaint Form_95.pdf"
DOC-0011,2025-01-06__Brent Smith_ _brent@bwsmithlaw.com__Re_ EEO_28.pdf,EEOC_Complaints,.pdf,622.6 KB,2025-01-06,EEOC_Complaints\2025-01-06__Brent Smith_ _brent@bwsmithlaw.com__Re_ EEO_28.pdf
DOC-0012,2025-01-06__Max_ _femamax@gmail.com__Fwd_ FW_ ACTION REQUESTED_ AP - Mediation Participation HS-FEMA-02430-2024 - Immediate Response Requested_90.pdf,EEOC_Complaints,.pdf,915.9 KB,2025-01-06,EEOC_Complaints\2025-01-06__Max_ _femamax@gmail.com__Fwd_ FW_ ACTION REQUESTED_ AP - Mediation Participation HS-FEMA-02430-2024 - Immediate Response Requested_90.pdf
DOC-0013,"2025-01-07__Meindl, Max_ _max.meindl@fema.dhs.gov__Fw_ Counselor's Report for HS-FEMA-02430-2024_93.pdf",EEOC_Complaints,.pdf,3.0 MB,2025-01-07,"EEOC_Complaints\2025-01-07__Meindl, Max_ _max.meindl@fema.dhs.gov__Fw_ Counselor's Report for HS-FEMA-02430-2024_93.pdf"
DOC-0014,2025-01-13__Brent Smith_ _brent@bwsmithlaw.com__Re_ Letter of Acceptance HS-FEMA-02430-2024_167.pdf,EEOC_Complaints,.pdf,634.0 KB,2025-01-13,EEOC_Complaints\2025-01-13__Brent Smith_ _brent@bwsmithlaw.com__Re_ Letter of Acceptance HS-FEMA-02430-2024_167.pdf
DOC-0015,2025-02-26__Max_ _femamax@gmail.com__Re_ Affidavit and Letter of Authorization (HS-FEMA-02430-2024)_149.pdf,EEOC_Complaints,.pdf,645.4 KB,2025-02-26,EEOC_Complaints\2025-02-26__Max_ _femamax@gmail.com__Re_ Affidavit and Letter of Authorization (HS-FEMA-02430-2024)_149.pdf
DOC-0016,"CR HS-FEMA-02430-2024 Meindl, Max .pdf",EEOC_Complaints,.pdf,2.2 MB,N/A,"EEOC_Complaints\CR HS-FEMA-02430-2024 Meindl, Max .pdf"
DOC-0017,Case-HS-FEMA-02430-2024-MEINDL-Detailed Table of Events.docx,EEOC_Complaints,.docx,32.3 KB,N/A,EEOC_Complaints\Case-HS-FEMA-02430-2024-MEINDL-Detailed Table of Events.docx
DOC-0018,EEO FILES 1.pdf,EEOC_Complaints,.pdf,22.3 MB,N/A,EEOC_Complaints\EEO FILES 1.pdf
DOC-0019,EEOC COMPLAINT SIGNED-REV1-min.pdf,EEOC_Complaints,.pdf,5.0 MB,N/A,EEOC_Complaints\EEOC COMPLAINT SIGNED-REV1-min.pdf
DOC-0020,EEOC.docx,EEOC_Complaints,.docx,13.2 KB,N/A,EEOC_Complaints\EEOC.docx
DOC-0021,EEOC_Memo_-_Guidance_to_Agencies_for_Applying_DRP_Agreements_to_Pending_EEO_Complaints.pdf,EEOC_Complaints,.pdf,228.2 KB,N/A,EEOC_Complaints\EEOC_Memo_-_Guidance_to_Agencies_for_Applying_DRP_Agreements_to_Pending_EEO_Complaints.pdf
DOC-0022,Election Letter - HS-FEMA-02430-2024-BSMITH SIGNED.pdf,EEOC_Complaints,.pdf,405.6 KB,N/A,EEOC_Complaints\Election Letter - HS-FEMA-02430-2024-BSMITH SIGNED.pdf
DOC-0023,Election Letter - HS-FEMA-02430-2024.pdf,EEOC_Complaints,.pdf,405.6 KB,N/A,EEOC_Complaints\Election Letter - HS-FEMA-02430-2024.pdf
DOC-0024,Federal Complaints Dashboard Instruction Manual Draft-Final.pdf,EEOC_Complaints,.pdf,1.2 MB,N/A,EEOC_Complaints\Federal Complaints Dashboard Instruction Manual Draft-Final.pdf
DOC-0025,Form 462 Complaints Table List.docx,EEOC_Complaints,.docx,21.0 KB,N/A,EEOC_Complaints\Form 462 Complaints Table List.docx
DOC-0026,Four Tips to Win an EEOC.pdf,EEOC_Complaints,.pdf,7.0 KB,N/A,EEOC_Complaints\Four Tips to Win an EEOC.pdf
DOC-0027,LOA HS-FEMA-02430-2024.pdf,EEOC_Complaints,.pdf,202.3 KB,N/A,EEOC_Complaints\LOA HS-FEMA-02430-2024.pdf
DOC-0028,MEINDL EEO COMPLAINT SUMMARY-05-06-25.docx,EEOC_Complaints,.docx,39.0 KB,N/A,EEOC_Complaints\MEINDL EEO COMPLAINT SUMMARY-05-06-25.docx
DOC-0029,MEINDL EEO COMPLAINT SUMMARY-05-06-25.pdf,EEOC_Complaints,.pdf,193.0 KB,N/A,EEOC_Complaints\MEINDL EEO COMPLAINT SUMMARY-05-06-25.pdf
DOC-0030,MEINDL-CASE-HS-FEMA-02430-2024-Comprehensive table of violations.docx,EEOC_Complaints,.docx,44.2 KB,N/A,EEOC_Complaints\MEINDL-CASE-HS-FEMA-02430-2024-Comprehensive table of violations.docx
DOC-0031,MEINDL-CASE-HS-FEMA-02430-2024-Comprehensive table of violations.pdf,EEOC_Complaints,.pdf,298.1 KB,N/A,EEOC_Complaints\MEINDL-CASE-HS-FEMA-02430-2024-Comprehensive table of violations.pdf
DOC-0032,"McDowell, Carletta _ Mediate HS-FEMA-02430-2024.pdf",EEOC_Complaints,.pdf,140.8 KB,N/A,"EEOC_Complaints\McDowell, Carletta _ Mediate HS-FEMA-02430-2024.pdf"
DOC-0033,NRTF HS-FEMA-02430-2024 Meindl J.pdf,EEOC_Complaints,.pdf,110.8 KB,N/A,EEOC_Complaints\NRTF HS-FEMA-02430-2024 Meindl J.pdf
DOC-0034,ROI HS-FEMA-02430-2024 Part 1 (1)-compressed.pdf,EEOC_Complaints,.pdf,12.3 MB,N/A,EEOC_Complaints\ROI HS-FEMA-02430-2024 Part 1 (1)-compressed.pdf
DOC-0035,ROI HS-FEMA-02430-2024 Part 2-compressed.pdf,EEOC_Complaints,.pdf,2.3 MB,N/A,EEOC_Complaints\ROI HS-FEMA-02430-2024 Part 2-compressed.pdf
DOC-0036,"Table B-1   FY 2021   Total Work Force, Counselings, and Complaints.xlsx",EEOC_Complaints,.xlsx,15.4 KB,N/A,"EEOC_Complaints\Table B-1   FY 2021   Total Work Force, Counselings, and Complaints.xlsx"
DOC-0037,Table B-10   FY 2021   Total Number and Average Processing Days for All Complaint Closures.xlsx,EEOC_Complaints,.xlsx,19.6 KB,N/A,EEOC_Complaints\Table B-10   FY 2021   Total Number and Average Processing Days for All Complaint Closures.xlsx
DOC-0038,Table B-11   FY 2021   Types of Complaint Closures.xlsx,EEOC_Complaints,.xlsx,18.3 KB,N/A,EEOC_Complaints\Table B-11   FY 2021   Types of Complaint Closures.xlsx
DOC-0039,Table B-11a   FY 2021  Types of Complaint Closures - Sub-Component Data.xlsx,EEOC_Complaints,.xlsx,27.5 KB,N/A,EEOC_Complaints\Table B-11a   FY 2021  Types of Complaint Closures - Sub-Component Data.xlsx
DOC-0040,Table B-12   FY 2021   Average Processing Days (APD) All Complaint Closures.xlsx,EEOC_Complaints,.xlsx,16.1 KB,N/A,EEOC_Complaints\Table B-12   FY 2021   Average Processing Days (APD) All Complaint Closures.xlsx
DOC-0041,Table B-13   FY 2021   Complaints Closed with Dismissals.xlsx,EEOC_Complaints,.xlsx,15.6 KB,N/A,EEOC_Complaints\Table B-13   FY 2021   Complaints Closed with Dismissals.xlsx
DOC-0042,Table B-15   FY 2021   Complaints Closed with Findings of Discrimination.xlsx,EEOC_Complaints,.xlsx,16.1 KB,N/A,EEOC_Complaints\Table B-15   FY 2021   Complaints Closed with Findings of Discrimination.xlsx
DOC-0043,Table B-16   FY 2021   Complaints Closed with Findings of No Discrimination.xlsx,EEOC_Complaints,.xlsx,16.4 KB,N/A,EEOC_Complaints\Table B-16   FY 2021   Complaints Closed with Findings of No Discrimination.xlsx
DOC-0044,Table B-19   FY 2021   Total Complaint Closures AcceptedParticipated in ADR.xlsx,EEOC_Complaints,.xlsx,13.3 KB,N/A,EEOC_Complaints\Table B-19   FY 2021   Total Complaint Closures AcceptedParticipated in ADR.xlsx
DOC-0045,"Table B-1a   FY 2021   Total Work Force, Counselings, and Complaints - Sub-Component Data.xlsx",EEOC_Complaints,.xlsx,23.1 KB,N/A,"EEOC_Complaints\Table B-1a   FY 2021   Total Work Force, Counselings, and Complaints - Sub-Component Data.xlsx"
DOC-0046,Table B-20   FY 2021   ADR Complaint Resolutions (Formal Phase).xlsx,EEOC_Complaints,.xlsx,13.2 KB,N/A,EEOC_Complaints\Table B-20   FY 2021   ADR Complaint Resolutions (Formal Phase).xlsx
DOC-0047,Table B-21   FY 2021   Complaint Closures with Benefits.xlsx,EEOC_Complaints,.xlsx,17.8 KB,N/A,EEOC_Complaints\Table B-21   FY 2021   Complaint Closures with Benefits.xlsx
DOC-0048,Table B-22   FY 2021   Complaint Closures By Statute.xlsx,EEOC_Complaints,.xlsx,15.0 KB,N/A,EEOC_Complaints\Table B-22   FY 2021   Complaint Closures By Statute.xlsx
DOC-0049,Table B-23   FY 2021   Summary of Pending Complaints By Category.xlsx,EEOC_Complaints,.xlsx,19.4 KB,N/A,EEOC_Complaints\Table B-23   FY 2021   Summary of Pending Complaints By Category.xlsx
DOC-0050,Table B-3   FY 2021   Outcomes of All Pre-Complaint Closures.xlsx,EEOC_Complaints,.xlsx,22.4 KB,N/A,EEOC_Complaints\Table B-3   FY 2021   Outcomes of All Pre-Complaint Closures.xlsx
DOC-0051,Table B-3a   FY 2021   Outcomes of All Pre-Complaint Closures - Sub-Component Data.xlsx,EEOC_Complaints,.xlsx,27.5 KB,N/A,EEOC_Complaints\Table B-3a   FY 2021   Outcomes of All Pre-Complaint Closures - Sub-Component Data.xlsx
DOC-0052,"Table B-4   FY 2021   Pre-Complaint ADR Offers, Rejections, and Acceptances.xlsx",EEOC_Complaints,.xlsx,15.6 KB,N/A,"EEOC_Complaints\Table B-4   FY 2021   Pre-Complaint ADR Offers, Rejections, and Acceptances.xlsx"
DOC-0053,Table B-5   FY 2021   ADR Pre-Complaint Resolutions (Informal Phase).xlsx,EEOC_Complaints,.xlsx,14.3 KB,N/A,EEOC_Complaints\Table B-5   FY 2021   ADR Pre-Complaint Resolutions (Informal Phase).xlsx
DOC-0054,Table B-6   FY 2021   Benefits Provided in All Pre-Complaint Settlements.xlsx,EEOC_Complaints,.xlsx,15.7 KB,N/A,EEOC_Complaints\Table B-6   FY 2021   Benefits Provided in All Pre-Complaint Settlements.xlsx
DOC-0055,Table B-8   FY 2021   Complaints Filed Basis and Issues  - Grand Total.xlsx,EEOC_Complaints,.xlsx,19.3 KB,N/A,EEOC_Complaints\Table B-8   FY 2021   Complaints Filed Basis and Issues  - Grand Total.xlsx
DOC-0056,Table B-8a   FY 2021   Complaints Filed Basis and Issues  - Cabinet Level Agencies.xlsx,EEOC_Complaints,.xlsx,14.4 KB,N/A,EEOC_Complaints\Table B-8a   FY 2021   Complaints Filed Basis and Issues  - Cabinet Level Agencies.xlsx
DOC-0057,Table B-8b   FY 2021   Complaints Filed Basis and Issues  - Medium Sized Agencies.xlsx,EEOC_Complaints,.xlsx,12.4 KB,N/A,EEOC_Complaints\Table B-8b   FY 2021   Complaints Filed Basis and Issues  - Medium Sized Agencies.xlsx
DOC-0058,Table B-8c   FY 2021   Complaints Filed Basis and Issues  - Small Agencies.xlsx,EEOC_Complaints,.xlsx,11.5 KB,N/A,EEOC_Complaints\Table B-8c   FY 2021   Complaints Filed Basis and Issues  - Small Agencies.xlsx
DOC-0059,Table B-9   FY 2021   Timeliness and Cost of All Completed Complaint Investigations.xlsx,EEOC_Complaints,.xlsx,17.7 KB,N/A,EEOC_Complaints\Table B-9   FY 2021   Timeliness and Cost of All Completed Complaint Investigations.xlsx
DOC-0060,Table B-9a   FY 2021   Timeliness and Cost of Complaint Investigations Completed by Agency Investigators.xlsx,EEOC_Complaints,.xlsx,15.8 KB,N/A,EEOC_Complaints\Table B-9a   FY 2021   Timeliness and Cost of Complaint Investigations Completed by Agency Investigators.xlsx
DOC-0061,Table B-9b   FY 2021   Timeliness and Cost of Complaint Investigations Completed by Contract Investigators.xlsx,EEOC_Complaints,.xlsx,17.1 KB,N/A,EEOC_Complaints\Table B-9b   FY 2021   Timeliness and Cost of Complaint Investigations Completed by Contract Investigators.xlsx
DOC-0062,Table B-9c   FY 2021   Timeliness and Cost of All Completed Complaint Investigations.xlsx,EEOC_Complaints,.xlsx,27.8 KB,N/A,EEOC_Complaints\Table B-9c   FY 2021   Timeliness and Cost of All Completed Complaint Investigations.xlsx
DOC-0063,ack rcpt hs-fema-02430-2024.pdf,EEOC_Complaints,.pdf,269.5 KB,N/A,EEOC_Complaints\ack rcpt hs-fema-02430-2024.pdf
DOC-0064,eeo complaint-meindl.pdf_extract.docx,EEOC_Complaints,.docx,726.9 KB,N/A,EEOC_Complaints\eeo complaint-meindl.pdf_extract.docx
DOC-0065,eeoc complaint signed-rev1-min-bookmarked_compressed.pdf,EEOC_Complaints,.pdf,4.4 MB,N/A,EEOC_Complaints\eeoc complaint signed-rev1-min-bookmarked_compressed.pdf
DOC-0066,grok.com-EEO Investigation Events Violations Evidence - Grok-fpscreenshot-compressed.pdf,EEOC_Complaints,.pdf,4.8 MB,N/A,EEOC_Complaints\grok.com-EEO Investigation Events Violations Evidence - Grok-fpscreenshot-compressed.pdf
DOC-0067,meindl formal complaint .pdf,EEOC_Complaints,.pdf,1.1 MB,N/A,EEOC_Complaints\meindl formal complaint .pdf
DOC-0068,Automatic reply_ eeo.eml[1] (2).eml,EEO_Emails,.eml,17.7 KB,N/A,EEOC_Complaints\Automatic reply_ eeo.eml[1] (2).eml
DOC-0069,Automatic reply_ eeo.eml[1].eml,EEO_Emails,.eml,17.7 KB,N/A,EEOC_Complaints\Automatic reply_ eeo.eml[1].eml
DOC-0070,Re_ Fw_ [EXTERNAL] FW_ 2nd Request MEINDL FORMAL EEOC COMPLAINT-E-SIGNED_ FEMA EMPLOYEE.eml,EEO_Emails,.eml,17.9 KB,N/A,EEOC_Complaints\Re_ Fw_ [EXTERNAL] FW_ 2nd Request MEINDL FORMAL EEOC COMPLAINT-E-SIGNED_ FEMA EMPLOYEE.eml
DOC-0071,2019-01-22_femamax@gmail.com_Family Medical Leave Act form_37.pdf,FMLA_Documents,.pdf,1.1 MB,2019-01-22,FMLA_Documents\2019-01-22_femamax@gmail.com_Family Medical Leave Act form_37.pdf
DOC-0072,2019-02-06_femamax@gmail.com_FMLA_77.pdf,FMLA_Documents,.pdf,1.0 MB,2019-02-06,FMLA_Documents\2019-02-06_femamax@gmail.com_FMLA_77.pdf
DOC-0073,"2019-03-13__Meindl, Max_ _max.meindl@fema.dhs.gov__FW_ FMLA_118.pdf",FMLA_Documents,.pdf,1.6 MB,2019-03-13,"FMLA_Documents\2019-03-13__Meindl, Max_ _max.meindl@fema.dhs.gov__FW_ FMLA_118.pdf"
DOC-0074,"2019-04-23__Meindl, Max_ _max.meindl@fema.dhs.gov__RE_ Timesheet FMLA_259.pdf",FMLA_Documents,.pdf,1.0 MB,2019-04-23,"FMLA_Documents\2019-04-23__Meindl, Max_ _max.meindl@fema.dhs.gov__RE_ Timesheet FMLA_259.pdf"
DOC-0075,"2019-04-23__Obasa, Babajide_ _babajide.obasa@fema.dhs.gov__RE_ FMLA_246.pdf",FMLA_Documents,.pdf,1.3 MB,2019-04-23,"FMLA_Documents\2019-04-23__Obasa, Babajide_ _babajide.obasa@fema.dhs.gov__RE_ FMLA_246.pdf"
DOC-0076,"2019-04-26__Obasa, Babajide_ _babajide.obasa@fema.dhs.gov__Automatic reply_ Timesheet FMLA_18.pdf",FMLA_Documents,.pdf,611.0 KB,2019-04-26,"FMLA_Documents\2019-04-26__Obasa, Babajide_ _babajide.obasa@fema.dhs.gov__Automatic reply_ Timesheet FMLA_18.pdf"
DOC-0077,"2019-04-26__Obasa, Babajide_ _babajide.obasa@fema.dhs.gov__Automatic reply_ Timesheet FMLA_19.pdf",FMLA_Documents,.pdf,611.0 KB,2019-04-26,"FMLA_Documents\2019-04-26__Obasa, Babajide_ _babajide.obasa@fema.dhs.gov__Automatic reply_ Timesheet FMLA_19.pdf"
DOC-0078,"2019-05-02__Gause, Jacqueline_ _jacqueline.gause@fema.dhs.gov__FMLA Determination _45.pdf",FMLA_Documents,.pdf,894.2 KB,2019-05-02,"FMLA_Documents\2019-05-02__Gause, Jacqueline_ _jacqueline.gause@fema.dhs.gov__FMLA Determination _45.pdf"
DOC-0079,"2019-05-02__Gause, Jacqueline_ _jacqueline.gause@fema.dhs.gov__FMLA Determination _46.pdf",FMLA_Documents,.pdf,894.2 KB,2019-05-02,"FMLA_Documents\2019-05-02__Gause, Jacqueline_ _jacqueline.gause@fema.dhs.gov__FMLA Determination _46.pdf"
DOC-0080,"2019-06-26__Meindl, Max_ _max.meindl@fema.dhs.gov__FMLA_74.pdf",FMLA_Documents,.pdf,1.3 MB,2019-06-26,"FMLA_Documents\2019-06-26__Meindl, Max_ _max.meindl@fema.dhs.gov__FMLA_74.pdf"
DOC-0081,"2019-06-26__Meindl, Max_ _max.meindl@fema.dhs.gov__FW_ FMLA Determination _106.pdf",FMLA_Documents,.pdf,1.1 MB,2019-06-26,"FMLA_Documents\2019-06-26__Meindl, Max_ _max.meindl@fema.dhs.gov__FW_ FMLA Determination _106.pdf"
DOC-0082,"2019-06-26__Meindl, Max_ _max.meindl@fema.dhs.gov__FW_ FMLA_112.pdf",FMLA_Documents,.pdf,1.3 MB,2019-06-26,"FMLA_Documents\2019-06-26__Meindl, Max_ _max.meindl@fema.dhs.gov__FW_ FMLA_112.pdf"
DOC-0083,2019-10-27__femamax@gmail.com_ _femamax@gmail.com__FMLA_86.pdf,FMLA_Documents,.pdf,4.2 MB,2019-10-27,FMLA_Documents\2019-10-27__femamax@gmail.com_ _femamax@gmail.com__FMLA_86.pdf
DOC-0084,"2019-10-28__Meindl, Max_ _max.meindl@fema.dhs.gov__FMLA_51.pdf",FMLA_Documents,.pdf,7.0 MB,2019-10-28,"FMLA_Documents\2019-10-28__Meindl, Max_ _max.meindl@fema.dhs.gov__FMLA_51.pdf"
DOC-0085,"2019-10-28__Meindl, Max_ _max.meindl@fema.dhs.gov__FMLA_88.pdf",FMLA_Documents,.pdf,6.8 MB,2019-10-28,"FMLA_Documents\2019-10-28__Meindl, Max_ _max.meindl@fema.dhs.gov__FMLA_88.pdf"
DOC-0086,"2019-10-28__Meindl, Max_ _max.meindl@fema.dhs.gov__FW_ FMLA Determination _102.pdf",FMLA_Documents,.pdf,1.2 MB,2019-10-28,"FMLA_Documents\2019-10-28__Meindl, Max_ _max.meindl@fema.dhs.gov__FW_ FMLA Determination _102.pdf"
DOC-0087,"2019-10-28__Meindl, Max_ _max.meindl@fema.dhs.gov__FW_ FMLA_124.pdf",FMLA_Documents,.pdf,1.7 MB,2019-10-28,"FMLA_Documents\2019-10-28__Meindl, Max_ _max.meindl@fema.dhs.gov__FW_ FMLA_124.pdf"
DOC-0088,"2019-10-28__Meindl, Max_ _max.meindl@fema.dhs.gov__fmla_66.pdf",FMLA_Documents,.pdf,421.5 KB,2019-10-28,"FMLA_Documents\2019-10-28__Meindl, Max_ _max.meindl@fema.dhs.gov__fmla_66.pdf"
DOC-0089,"2019-10-28__Meindl, Max_ _max.meindl@fema.dhs.gov__fmla_67.pdf",FMLA_Documents,.pdf,421.5 KB,2019-10-28,"FMLA_Documents\2019-10-28__Meindl, Max_ _max.meindl@fema.dhs.gov__fmla_67.pdf"
DOC-0090,"2019-10-28__Meindl, Max_ _max.meindl@fema.dhs.gov__fmla_68.pdf",FMLA_Documents,.pdf,421.5 KB,2019-10-28,"FMLA_Documents\2019-10-28__Meindl, Max_ _max.meindl@fema.dhs.gov__fmla_68.pdf"
DOC-0091,"2019-10-28__Meindl, Max_ _max.meindl@fema.dhs.gov__fmla_70.pdf",FMLA_Documents,.pdf,422.0 KB,2019-10-28,"FMLA_Documents\2019-10-28__Meindl, Max_ _max.meindl@fema.dhs.gov__fmla_70.pdf"
DOC-0092,"2019-10-28__Meindl, Max_ _max.meindl@fema.dhs.gov__fmla_71.pdf",FMLA_Documents,.pdf,422.0 KB,2019-10-28,"FMLA_Documents\2019-10-28__Meindl, Max_ _max.meindl@fema.dhs.gov__fmla_71.pdf"
DOC-0093,"2019-10-28__Meindl, Max_ _max.meindl@fema.dhs.gov__fmla_78.pdf",FMLA_Documents,.pdf,624.1 KB,2019-10-28,"FMLA_Documents\2019-10-28__Meindl, Max_ _max.meindl@fema.dhs.gov__fmla_78.pdf"
DOC-0094,"2019-10-28__Meindl, Max_ _max.meindl@fema.dhs.gov__fmla_79.pdf",FMLA_Documents,.pdf,624.1 KB,2019-10-28,"FMLA_Documents\2019-10-28__Meindl, Max_ _max.meindl@fema.dhs.gov__fmla_79.pdf"
DOC-0095,"2019-10-28__Meindl, Max_ _max.meindl@fema.dhs.gov__fmla_80.pdf",FMLA_Documents,.pdf,624.1 KB,2019-10-28,"FMLA_Documents\2019-10-28__Meindl, Max_ _max.meindl@fema.dhs.gov__fmla_80.pdf"
DOC-0096,"2019-10-28__Meindl, Max_ _max.meindl@fema.dhs.gov__fmla_82.pdf",FMLA_Documents,.pdf,623.6 KB,2019-10-28,"FMLA_Documents\2019-10-28__Meindl, Max_ _max.meindl@fema.dhs.gov__fmla_82.pdf"
DOC-0097,"2019-10-28__Meindl, Max_ _max.meindl@fema.dhs.gov__fmla_83.pdf",FMLA_Documents,.pdf,623.6 KB,2019-10-28,"FMLA_Documents\2019-10-28__Meindl, Max_ _max.meindl@fema.dhs.gov__fmla_83.pdf"
DOC-0098,"2020-02-27__Meindl, Max_ _max.meindl@fema.dhs.gov__Fwd_ FMLA_249.pdf",FMLA_Documents,.pdf,1.7 MB,2020-02-27,"FMLA_Documents\2020-02-27__Meindl, Max_ _max.meindl@fema.dhs.gov__Fwd_ FMLA_249.pdf"
DOC-0099,"2020-03-02__Meindl, Max_ _max.meindl@fema.dhs.gov__FW_ FMLA RECERTIFICATION_151.pdf",FMLA_Documents,.pdf,758.8 KB,2020-03-02,"FMLA_Documents\2020-03-02__Meindl, Max_ _max.meindl@fema.dhs.gov__FW_ FMLA RECERTIFICATION_151.pdf"
DOC-0100,"2020-03-02__Meindl, Max_ _max.meindl@fema.dhs.gov__FW_ FMLA RECERTIFICATION_152.pdf",FMLA_Documents,.pdf,758.8 KB,2020-03-02,"FMLA_Documents\2020-03-02__Meindl, Max_ _max.meindl@fema.dhs.gov__FW_ FMLA RECERTIFICATION_152.pdf"
DOC-0101,"2020-03-03__Meindl, Max_ _max.meindl@fema.dhs.gov__webta fmla_277.pdf",FMLA_Documents,.pdf,616.4 KB,2020-03-03,"FMLA_Documents\2020-03-03__Meindl, Max_ _max.meindl@fema.dhs.gov__webta fmla_277.pdf"
DOC-0102,"2020-03-03__Meindl, Max_ _max.meindl@fema.dhs.gov__webta fmla_278.pdf",FMLA_Documents,.pdf,616.4 KB,2020-03-03,"FMLA_Documents\2020-03-03__Meindl, Max_ _max.meindl@fema.dhs.gov__webta fmla_278.pdf"
DOC-0103,"2020-03-24__Meindl, Max_ _max.meindl@fema.dhs.gov__FW_ FMLA Recertification - M. Meindl.pdf",FMLA_Documents,.pdf,530.7 KB,2020-03-24,"FMLA_Documents\2020-03-24__Meindl, Max_ _max.meindl@fema.dhs.gov__FW_ FMLA Recertification - M. Meindl.pdf"
DOC-0104,"2020-03-24__Meindl, Max_ _max.meindl@fema.dhs.gov__FW_ FMLA Recertification - M. Meindl_108.pdf",FMLA_Documents,.pdf,530.7 KB,2020-03-24,"FMLA_Documents\2020-03-24__Meindl, Max_ _max.meindl@fema.dhs.gov__FW_ FMLA Recertification - M. Meindl_108.pdf"
DOC-0105,"2020-03-24__Meindl, Max_ _max.meindl@fema.dhs.gov__FW_ FMLA Recertification - M. Meindl_109.pdf",FMLA_Documents,.pdf,530.7 KB,2020-03-24,"FMLA_Documents\2020-03-24__Meindl, Max_ _max.meindl@fema.dhs.gov__FW_ FMLA Recertification - M. Meindl_109.pdf"
DOC-0106,"2020-03-24__Meindl, Max_ _max.meindl@fema.dhs.gov__FW_ FMLA Recertification - M. Meindl_110.pdf",FMLA_Documents,.pdf,530.7 KB,2020-03-24,"FMLA_Documents\2020-03-24__Meindl, Max_ _max.meindl@fema.dhs.gov__FW_ FMLA Recertification - M. Meindl_110.pdf"
DOC-0107,"2020-03-25__Meindl, Max_ _max.meindl@fema.dhs.gov__FW_ FMLA_Reasonable accommodation _254.pdf",FMLA_Documents,.pdf,1.5 MB,2020-03-25,"FMLA_Documents\2020-03-25__Meindl, Max_ _max.meindl@fema.dhs.gov__FW_ FMLA_Reasonable accommodation _254.pdf"
DOC-0108,2020-09-16__Max_ _femamax@gmail.com__FMLA_55.pdf,FMLA_Documents,.pdf,3.0 MB,2020-09-16,FMLA_Documents\2020-09-16__Max_ _femamax@gmail.com__FMLA_55.pdf
DOC-0109,2020-10-14__Max_ _femamax@gmail.com__FMLA FORM_48.pdf,FMLA_Documents,.pdf,872.6 KB,2020-10-14,FMLA_Documents\2020-10-14__Max_ _femamax@gmail.com__FMLA FORM_48.pdf
DOC-0110,"2021-01-07__Meindl, Max_ _max.meindl@fema.dhs.gov__FMLA.pdf",FMLA_Documents,.pdf,625.8 KB,2021-01-07,"FMLA_Documents\2021-01-07__Meindl, Max_ _max.meindl@fema.dhs.gov__FMLA.pdf"
DOC-0111,"2021-01-07__Meindl, Max_ _max.meindl@fema.dhs.gov__FMLA_53.pdf",FMLA_Documents,.pdf,625.8 KB,2021-01-07,"FMLA_Documents\2021-01-07__Meindl, Max_ _max.meindl@fema.dhs.gov__FMLA_53.pdf"
DOC-0112,"2021-01-07__Meindl, Max_ _max.meindl@fema.dhs.gov__FMLA_58.pdf",FMLA_Documents,.pdf,625.8 KB,2021-01-07,"FMLA_Documents\2021-01-07__Meindl, Max_ _max.meindl@fema.dhs.gov__FMLA_58.pdf"
DOC-0113,"2021-01-07__Meindl, Max_ _max.meindl@fema.dhs.gov__FMLA_59.pdf",FMLA_Documents,.pdf,625.8 KB,2021-01-07,"FMLA_Documents\2021-01-07__Meindl, Max_ _max.meindl@fema.dhs.gov__FMLA_59.pdf"
DOC-0114,"2021-01-07__Meindl, Max_ _max.meindl@fema.dhs.gov__FMLA_63.pdf",FMLA_Documents,.pdf,625.8 KB,2021-01-07,"FMLA_Documents\2021-01-07__Meindl, Max_ _max.meindl@fema.dhs.gov__FMLA_63.pdf"
DOC-0115,"2021-01-07__Meindl, Max_ _max.meindl@fema.dhs.gov__FMLA_64.pdf",FMLA_Documents,.pdf,625.8 KB,2021-01-07,"FMLA_Documents\2021-01-07__Meindl, Max_ _max.meindl@fema.dhs.gov__FMLA_64.pdf"
DOC-0116,"2021-01-07__Meindl, Max_ _max.meindl@fema.dhs.gov__FMLA_65.pdf",FMLA_Documents,.pdf,625.8 KB,2021-01-07,"FMLA_Documents\2021-01-07__Meindl, Max_ _max.meindl@fema.dhs.gov__FMLA_65.pdf"
DOC-0117,"2021-01-07__Meindl, Max_ _max.meindl@fema.dhs.gov__FW_ MEINDL-FMLA PAPERWORK-NEW REQUEST_132.pdf",FMLA_Documents,.pdf,3.6 MB,2021-01-07,"FMLA_Documents\2021-01-07__Meindl, Max_ _max.meindl@fema.dhs.gov__FW_ MEINDL-FMLA PAPERWORK-NEW REQUEST_132.pdf"
DOC-0118,2025-03-02__Max_ _femamax@gmail.com__FMLA.pdf,FMLA_Documents,.pdf,447.2 KB,2025-03-02,FMLA_Documents\2025-03-02__Max_ _femamax@gmail.com__FMLA.pdf
DOC-0119,FMLA-COMPLAINT-12-04-2024.CSV,FMLA_Documents,.csv,270.0 B,N/A,FMLA_Documents\FMLA-COMPLAINT-12-04-2024.CSV
DOC-0120,FMLA.pdf,FMLA_Documents,.pdf,895.1 KB,N/A,FMLA_Documents\FMLA.pdf
DOC-0121,WH-380-E-1.pdf,FMLA_Documents,.pdf,490.7 KB,N/A,FMLA_Documents\WH-380-E-1.pdf
DOC-0122,WH-381.pdf,FMLA_Documents,.pdf,225.9 KB,N/A,FMLA_Documents\WH-381.pdf
DOC-0123,WH-382.pdf,FMLA_Documents,.pdf,124.8 KB,N/A,FMLA_Documents\WH-382.pdf
DOC-0124,according to the fmla regulation 825.docx,FMLA_Documents,.docx,241.7 KB,N/A,FMLA_Documents\according to the fmla regulation 825.docx
DOC-0125,can my employer disagree with my doctor's fmla certification in texas- . fort worth and dallas employment lawyers - the kielich law firm.pdf,FMLA_Documents,.pdf,204.3 KB,N/A,FMLA_Documents\can my employer disagree with my doctor's fmla certification in texas- . fort worth and dallas employment lawyers - the kielich law firm.pdf
DOC-0126,fmla request.pdf,FMLA_Documents,.pdf,322.7 KB,N/A,FMLA_Documents\fmla request.pdf
DOC-0127,fmla-09-16-2020-meindl.pdf,FMLA_Documents,.pdf,3.3 MB,N/A,FMLA_Documents\fmla-09-16-2020-meindl.pdf
DOC-0128,wh-380-e.pdf,FMLA_Documents,.pdf,294.2 KB,N/A,FMLA_Documents\wh-380-e.pdf
DOC-0129,2FMLA.eml.eml,FMLA_Emails,.eml,4.5 MB,N/A,FMLA_Documents\2FMLA.eml.eml
DOC-0130,Automatic reply_ Timesheet FMLA (2).eml,FMLA_Emails,.eml,14.8 KB,N/A,FMLA_Documents\Automatic reply_ Timesheet FMLA (2).eml
DOC-0131,Automatic reply_ Timesheet FMLA(1).eml,FMLA_Emails,.eml,14.8 KB,N/A,FMLA_Documents\Automatic reply_ Timesheet FMLA(1).eml
DOC-0132,Automatic reply_ Timesheet FMLA.eml,FMLA_Emails,.eml,14.8 KB,N/A,FMLA_Documents\Automatic reply_ Timesheet FMLA.eml
DOC-0133,FMLA (1).eml,FMLA_Emails,.eml,9.1 MB,N/A,FMLA_Documents\FMLA (1).eml
DOC-0134,FMLA (3).eml,FMLA_Emails,.eml,9.1 MB,N/A,FMLA_Documents\FMLA (3).eml
DOC-0135,FMLA Determination (2).eml,FMLA_Emails,.eml,11.5 KB,N/A,FMLA_Documents\FMLA Determination (2).eml
DOC-0136,FMLA Determination(1).eml,FMLA_Emails,.eml,11.5 KB,N/A,FMLA_Documents\FMLA Determination(1).eml
DOC-0137,FMLA Determination.eml,FMLA_Emails,.eml,11.5 KB,N/A,FMLA_Documents\FMLA Determination.eml
DOC-0138,FMLA FORM.eml[1] (2).eml,FMLA_Emails,.eml,632.5 KB,N/A,FMLA_Documents\FMLA FORM.eml[1] (2).eml
DOC-0139,FMLA FORM.eml[1].eml,FMLA_Emails,.eml,632.5 KB,N/A,FMLA_Documents\FMLA FORM.eml[1].eml
DOC-0140,FMLA v2.eml,FMLA_Emails,.eml,796.8 KB,N/A,FMLA_Documents\FMLA v2.eml
DOC-0141,FMLA(1).eml,FMLA_Emails,.eml,9.1 MB,N/A,FMLA_Documents\FMLA(1).eml
DOC-0142,FMLA(2).eml,FMLA_Emails,.eml,9.1 MB,N/A,FMLA_Documents\FMLA(2).eml
DOC-0143,FMLA-2.eml,FMLA_Emails,.eml,24.6 MB,N/A,FMLA_Documents\FMLA-2.eml
DOC-0144,RE_ FMLA (2).eml,FMLA_Emails,.eml,89.1 KB,N/A,FMLA_Documents\RE_ FMLA (2).eml
DOC-0145,RE_ FMLA(1).eml,FMLA_Emails,.eml,89.1 KB,N/A,FMLA_Documents\RE_ FMLA(1).eml
DOC-0146,RE_ FMLA.eml,FMLA_Emails,.eml,89.1 KB,N/A,FMLA_Documents\RE_ FMLA.eml
DOC-0147,RE_ FMLA.eml[1] (2).eml,FMLA_Emails,.eml,910.9 KB,N/A,FMLA_Documents\RE_ FMLA.eml[1] (2).eml
DOC-0148,RE_ FMLA.eml[1](1).eml,FMLA_Emails,.eml,910.9 KB,N/A,FMLA_Documents\RE_ FMLA.eml[1](1).eml
DOC-0149,RE_ FMLA.eml[1].eml,FMLA_Emails,.eml,910.9 KB,N/A,FMLA_Documents\RE_ FMLA.eml[1].eml
DOC-0150,RE_ FMLA_Reasonable accommodation.eml[1].eml,FMLA_Emails,.eml,1.6 MB,N/A,FMLA_Documents\RE_ FMLA_Reasonable accommodation.eml[1].eml
DOC-0151,RE_ Timesheet FMLA (2).eml,FMLA_Emails,.eml,214.2 KB,N/A,FMLA_Documents\RE_ Timesheet FMLA (2).eml
DOC-0152,RE_ Timesheet FMLA(1).eml,FMLA_Emails,.eml,214.2 KB,N/A,FMLA_Documents\RE_ Timesheet FMLA(1).eml
DOC-0153,RE_ Timesheet FMLA.eml,FMLA_Emails,.eml,214.2 KB,N/A,FMLA_Documents\RE_ Timesheet FMLA.eml
DOC-0154,fmla (2).eml,FMLA_Emails,.eml,20.0 MB,N/A,FMLA_Documents\fmla (2).eml
DOC-0155,webta fmla.eml[1] (2).eml,FMLA_Emails,.eml,242.2 KB,N/A,FMLA_Documents\webta fmla.eml[1] (2).eml
DOC-0156,webta fmla.eml[1](1).eml,FMLA_Emails,.eml,242.2 KB,N/A,FMLA_Documents\webta fmla.eml[1](1).eml
DOC-0157,webta fmla.eml[1].eml,FMLA_Emails,.eml,242.2 KB,N/A,FMLA_Documents\webta fmla.eml[1].eml
DOC-0158,Summary of FEMA’s Violations with Focus on FOIA Deficiencies.docx,FOIA_Documents,.docx,27.4 KB,N/A,FOIA_Documents\Summary of FEMA’s Violations with Focus on FOIA Deficiencies.docx
DOC-0159,2020-03-23__Chris Orta_ _chris@guerradays.com__Re_ EFT Order_34.pdf,Financial_Documents,.pdf,816.5 KB,2020-03-23,Financial_Documents\2020-03-23__Chris Orta_ _chris@guerradays.com__Re_ EFT Order_34.pdf
DOC-0160,2022-05-30__Max_ _femamax@gmail.com__PSLF_194.pdf,Financial_Documents,.pdf,732.8 KB,2022-05-30,Financial_Documents\2022-05-30__Max_ _femamax@gmail.com__PSLF_194.pdf
DOC-0161,loanconsolidationapplication-3.pdf_extract.pdf,Financial_Documents,.pdf,91.6 KB,N/A,Financial_Documents\loanconsolidationapplication-3.pdf_extract.pdf
DOC-0162,meindl - eft order -statement inserted..pdf,Financial_Documents,.pdf,148.7 KB,N/A,Financial_Documents\meindl - eft order -statement inserted..pdf
DOC-0163,pslf application for forgiveness-1.pdf,Financial_Documents,.pdf,78.9 KB,N/A,Financial_Documents\pslf application for forgiveness-1.pdf
DOC-0164,repaymentapplicationdocument-1.pdf_extract.pdf,Financial_Documents,.pdf,28.2 KB,N/A,Financial_Documents\repaymentapplicationdocument-1.pdf_extract.pdf
DOC-0165,MEINDL-FEMA Informal Intake Form-09-03-24-PRINT.pdf,Forms_and_Tables,.pdf,688.6 KB,N/A,Forms_and_Tables\MEINDL-FEMA Informal Intake Form-09-03-24-PRINT.pdf
DOC-0166,MEINDL-FEMA Informal Intake Form-09-03-24-V1-add rep info.pdf,Forms_and_Tables,.pdf,308.8 KB,N/A,Forms_and_Tables\MEINDL-FEMA Informal Intake Form-09-03-24-V1-add rep info.pdf
DOC-0167,MEINDL-FEMA Informal Intake Form-09-03-24.pdf,Forms_and_Tables,.pdf,335.7 KB,N/A,Forms_and_Tables\MEINDL-FEMA Informal Intake Form-09-03-24.pdf
DOC-0168,RA INFORMATION SHEET-Vista-Meindl.doc,Forms_and_Tables,.doc,481.5 KB,N/A,Forms_and_Tables\RA INFORMATION SHEET-Vista-Meindl.doc
DOC-0169,Table B-14   FY 2021   Timeliness of Merit Final Agency Decisions (FAD) (No AJ Decision).xlsx,Forms_and_Tables,.xlsx,15.7 KB,N/A,Forms_and_Tables\Table B-14   FY 2021   Timeliness of Merit Final Agency Decisions (FAD) (No AJ Decision).xlsx
DOC-0170,Table B-14a   FY 2021   Timeliness of Merit Final Agency Decisions (FAD) (No AJ Decision) - Sub-Component Data.xlsx,Forms_and_Tables,.xlsx,27.2 KB,N/A,Forms_and_Tables\Table B-14a   FY 2021   Timeliness of Merit Final Agency Decisions (FAD) (No AJ Decision) - Sub-Component Data.xlsx
DOC-0171,Table B-17   FY 2021   Average Processing Days (APD) Final Agency Decisions (FADs) and Final Orders (FOs) Fully Implementing (FI) AJ Decisions.xlsx,Forms_and_Tables,.xlsx,17.0 KB,N/A,Forms_and_Tables\Table B-17   FY 2021   Average Processing Days (APD) Final Agency Decisions (FADs) and Final Orders (FOs) Fully Implementing (FI) AJ Decisions.xlsx
DOC-0172,Table B-18   FY 2021   Average Processing Days (APD) Final Orders (FOs) Not Fully Implementing (NFI) AJ Decisions.xlsx,Forms_and_Tables,.xlsx,13.4 KB,N/A,Forms_and_Tables\Table B-18   FY 2021   Average Processing Days (APD) Final Orders (FOs) Not Fully Implementing (NFI) AJ Decisions.xlsx
DOC-0173,Table B-2   FY 2021   All Timely Completed Counselings.xlsx,Forms_and_Tables,.xlsx,15.7 KB,N/A,Forms_and_Tables\Table B-2   FY 2021   All Timely Completed Counselings.xlsx
DOC-0174,Table B-24   FY 2021   Agency Staff Resources.xlsx,Forms_and_Tables,.xlsx,22.7 KB,N/A,Forms_and_Tables\Table B-24   FY 2021   Agency Staff Resources.xlsx
DOC-0175,Table B-24a   FY 2021   Contract Staff Resources.xlsx,Forms_and_Tables,.xlsx,22.5 KB,N/A,Forms_and_Tables\Table B-24a   FY 2021   Contract Staff Resources.xlsx
DOC-0176,Table B-25   FY 2021   Agency New Staff Training.xlsx,Forms_and_Tables,.xlsx,16.1 KB,N/A,Forms_and_Tables\Table B-25   FY 2021   Agency New Staff Training.xlsx
DOC-0177,Table B-26   FY 2021  Agency Experienced Staff Training.xlsx,Forms_and_Tables,.xlsx,16.6 KB,N/A,Forms_and_Tables\Table B-26   FY 2021  Agency Experienced Staff Training.xlsx
DOC-0178,Table B-27   FY 2021   Contractor New Staff Training.xlsx,Forms_and_Tables,.xlsx,15.9 KB,N/A,Forms_and_Tables\Table B-27   FY 2021   Contractor New Staff Training.xlsx
DOC-0179,Table B-28   FY 2021   Contractor Experienced Staff Training.xlsx,Forms_and_Tables,.xlsx,16.8 KB,N/A,Forms_and_Tables\Table B-28   FY 2021   Contractor Experienced Staff Training.xlsx
DOC-0180,Table B-2a   FY 2021   All Timely Completed Counselings - Sub-Component Data.xlsx,Forms_and_Tables,.xlsx,20.5 KB,N/A,Forms_and_Tables\Table B-2a   FY 2021   All Timely Completed Counselings - Sub-Component Data.xlsx
DOC-0181,Table B-7   FY 2021   Profile Agency Timeliness Indicators (totals with and without USPS data).xlsx,Forms_and_Tables,.xlsx,22.5 KB,N/A,Forms_and_Tables\Table B-7   FY 2021   Profile Agency Timeliness Indicators (totals with and without USPS data).xlsx
DOC-0182,Table B-7a   FY 2021   Profile Agency Timeliness Indicators (totals with and without USPS data).xlsx,Forms_and_Tables,.xlsx,46.8 KB,N/A,Forms_and_Tables\Table B-7a   FY 2021   Profile Agency Timeliness Indicators (totals with and without USPS data).xlsx
DOC-0183,meindl-fema informal intake form-09-03-24-1.pdf,Forms_and_Tables,.pdf,371.3 KB,N/A,Forms_and_Tables\meindl-fema informal intake form-09-03-24-1.pdf
DOC-0184,(no subject).eml.eml,General_Emails,.eml,1.1 MB,N/A,Email_Communications\(no subject).eml.eml
DOC-0185,(no subject).eml[1] (2).eml,General_Emails,.eml,1.1 MB,N/A,Email_Communications\(no subject).eml[1] (2).eml
DOC-0186,(no subject).eml[1](1).eml,General_Emails,.eml,1.1 MB,N/A,Email_Communications\(no subject).eml[1](1).eml
DOC-0187,(no subject).eml[1](2).eml,General_Emails,.eml,1.1 MB,N/A,Email_Communications\(no subject).eml[1](2).eml
DOC-0188,(no subject).eml[1].eml,General_Emails,.eml,1.1 MB,N/A,Email_Communications\(no subject).eml[1].eml
DOC-0189,(no subject).eml[1][1] (2).eml,General_Emails,.eml,382.4 KB,N/A,Email_Communications\(no subject).eml[1][1] (2).eml
DOC-0190,(no subject).eml[1][1].eml,General_Emails,.eml,382.4 KB,N/A,Email_Communications\(no subject).eml[1][1].eml
DOC-0191,(no subject).eml[2] (2).eml,General_Emails,.eml,442.3 KB,N/A,Email_Communications\(no subject).eml[2] (2).eml
DOC-0192,(no subject).eml[2].eml,General_Emails,.eml,442.3 KB,N/A,Email_Communications\(no subject).eml[2].eml
DOC-0193,2RA.eml.eml,General_Emails,.eml,1.5 MB,N/A,RA_Documents\2RA.eml.eml
DOC-0194,3RA.eml.eml,General_Emails,.eml,299.7 KB,N/A,RA_Documents\3RA.eml.eml
DOC-0195,4ra.eml.eml,General_Emails,.eml,132.1 KB,N/A,RA_Documents\4ra.eml.eml
DOC-0196,Chief of Staff comms.eml,General_Emails,.eml,1.8 MB,N/A,Email_Communications\Chief of Staff comms.eml
DOC-0197,PSLF.eml[1] (2).eml,General_Emails,.eml,430.7 KB,N/A,Email_Communications\PSLF.eml[1] (2).eml
DOC-0198,PSLF.eml[1].eml,General_Emails,.eml,430.7 KB,N/A,Email_Communications\PSLF.eml[1].eml
DOC-0199,RA (2).eml,General_Emails,.eml,8.1 MB,N/A,Email_Communications\RA (2).eml
DOC-0200,RA CONFIRMATION.eml[1] (2).eml,General_Emails,.eml,6.4 MB,N/A,Email_Communications\RA CONFIRMATION.eml[1] (2).eml
DOC-0201,RA CONFIRMATION.eml[1].eml,General_Emails,.eml,6.4 MB,N/A,Email_Communications\RA CONFIRMATION.eml[1].eml
DOC-0202,RA.eml,General_Emails,.eml,24.8 MB,N/A,RA_Documents\RA.eml
DOC-0203,RA.eml.eml,General_Emails,.eml,174.8 KB,N/A,RA_Documents\RA.eml.eml
DOC-0204,RA.eml[1][1] (2).eml,General_Emails,.eml,454.6 KB,N/A,RA_Documents\RA.eml[1][1] (2).eml
DOC-0205,RA.eml[1][1](2).eml,General_Emails,.eml,454.6 KB,N/A,RA_Documents\RA.eml[1][1](2).eml
DOC-0206,RA.eml[2][1].eml,General_Emails,.eml,299.7 KB,N/A,RA_Documents\RA.eml[2][1].eml
DOC-0207,RA.eml[3].eml,General_Emails,.eml,174.8 KB,N/A,RA_Documents\RA.eml[3].eml
DOC-0208,RA.eml[5][1] (2).eml,General_Emails,.eml,8.0 MB,N/A,RA_Documents\RA.eml[5][1] (2).eml
DOC-0209,RE_ Case #460.2016.01937.eml[1] (2).eml,General_Emails,.eml,17.7 KB,N/A,Email_Communications\RE_ Case #460.2016.01937.eml[1] (2).eml
DOC-0210,RE_ Case #460.2016.01937.eml[1](1).eml,General_Emails,.eml,17.7 KB,N/A,Email_Communications\RE_ Case #460.2016.01937.eml[1](1).eml
DOC-0211,RE_ Case #460.2016.01937.eml[1].eml,General_Emails,.eml,17.7 KB,N/A,Email_Communications\RE_ Case #460.2016.01937.eml[1].eml
DOC-0212,RE_ Consideration.eml.eml,General_Emails,.eml,331.9 KB,N/A,Email_Communications\RE_ Consideration.eml.eml
DOC-0213,RE_ Consideration.eml[1] (2).eml,General_Emails,.eml,331.9 KB,N/A,Email_Communications\RE_ Consideration.eml[1] (2).eml
DOC-0214,RE_ Consideration.eml[1](1).eml,General_Emails,.eml,331.9 KB,N/A,Email_Communications\RE_ Consideration.eml[1](1).eml
DOC-0215,RE_ Consideration.eml[1](2).eml,General_Emails,.eml,331.9 KB,N/A,Email_Communications\RE_ Consideration.eml[1](2).eml
DOC-0216,RE_ Consideration.eml[1](3).eml,General_Emails,.eml,331.9 KB,N/A,Email_Communications\RE_ Consideration.eml[1](3).eml
DOC-0217,RE_ Consideration.eml[1].eml,General_Emails,.eml,331.9 KB,N/A,Email_Communications\RE_ Consideration.eml[1].eml
DOC-0218,RE_ Update (2).eml,General_Emails,.eml,113.5 KB,N/A,Email_Communications\RE_ Update (2).eml
DOC-0219,RE_ Update(1).eml,General_Emails,.eml,113.5 KB,N/A,Email_Communications\RE_ Update(1).eml
DOC-0220,RE_ Update.eml,General_Emails,.eml,113.5 KB,N/A,Email_Communications\RE_ Update.eml
DOC-0221,RE_ Update[1] (2).eml,General_Emails,.eml,113.9 KB,N/A,Email_Communications\RE_ Update[1] (2).eml
DOC-0222,RE_ Update[1](1).eml,General_Emails,.eml,113.9 KB,N/A,Email_Communications\RE_ Update[1](1).eml
DOC-0223,RE_ Update[1].eml,General_Emails,.eml,113.9 KB,N/A,Email_Communications\RE_ Update[1].eml
DOC-0224,RE_ Update[2] (2).eml,General_Emails,.eml,107.0 KB,N/A,Email_Communications\RE_ Update[2] (2).eml
DOC-0225,RE_ Update[2](1).eml,General_Emails,.eml,107.0 KB,N/A,Email_Communications\RE_ Update[2](1).eml
DOC-0226,RE_ Update[2].eml,General_Emails,.eml,107.0 KB,N/A,Email_Communications\RE_ Update[2].eml
DOC-0227,Revision 2 of scan.eml[1] (2).eml,General_Emails,.eml,188.0 KB,N/A,Email_Communications\Revision 2 of scan.eml[1] (2).eml
DOC-0228,Revision 2 of scan.eml[1].eml,General_Emails,.eml,188.0 KB,N/A,Email_Communications\Revision 2 of scan.eml[1].eml
DOC-0229,Update on your Employee Rights claim..eml[1] (2).eml,General_Emails,.eml,14.2 KB,N/A,Email_Communications\Update on your Employee Rights claim..eml[1] (2).eml
DOC-0230,Update on your Employee Rights claim..eml[1].eml,General_Emails,.eml,14.2 KB,N/A,Email_Communications\Update on your Employee Rights claim..eml[1].eml
DOC-0231,fm-6.eml,General_Emails,.eml,614.8 KB,N/A,Email_Communications\fm-6.eml
DOC-0232,ra (1).eml,General_Emails,.eml,9.5 MB,N/A,Email_Communications\ra (1).eml
DOC-0233,ra.eml[1] (2).eml,General_Emails,.eml,240.5 KB,N/A,RA_Documents\ra.eml[1] (2).eml
DOC-0234,ra.eml[1] (3).eml,General_Emails,.eml,5.2 MB,N/A,RA_Documents\ra.eml[1] (3).eml
DOC-0235,ra.eml[1](1).eml,General_Emails,.eml,240.5 KB,N/A,RA_Documents\ra.eml[1](1).eml
DOC-0236,ra.eml[1](2).eml,General_Emails,.eml,240.5 KB,N/A,RA_Documents\ra.eml[1](2).eml
DOC-0237,ra.eml[1](3).eml,General_Emails,.eml,240.5 KB,N/A,RA_Documents\ra.eml[1](3).eml
DOC-0238,ra.eml[1].eml,General_Emails,.eml,5.2 MB,N/A,RA_Documents\ra.eml[1].eml
DOC-0239,ra.eml[1][1](4).eml,General_Emails,.eml,240.5 KB,N/A,RA_Documents\ra.eml[1][1](4).eml
DOC-0240,ra.eml[1][1].eml,General_Emails,.eml,240.5 KB,N/A,RA_Documents\ra.eml[1][1].eml
DOC-0241,ra.eml[2] (2).eml,General_Emails,.eml,9.5 MB,N/A,RA_Documents\ra.eml[2] (2).eml
DOC-0242,ra.eml[3][1].eml,General_Emails,.eml,132.1 KB,N/A,RA_Documents\ra.eml[3][1].eml
DOC-0243,ra.eml[4][1].eml,General_Emails,.eml,550.9 KB,N/A,RA_Documents\ra.eml[4][1].eml
DOC-0244,revision.eml[1] (2).eml,General_Emails,.eml,396.9 KB,N/A,Email_Communications\revision.eml[1] (2).eml
DOC-0245,revision.eml[1].eml,General_Emails,.eml,396.9 KB,N/A,Email_Communications\revision.eml[1].eml
DOC-0246,telework.eml,General_Emails,.eml,10.2 MB,N/A,Email_Communications\telework.eml
DOC-0247,image001.png,Images_and_Media,.png,23.5 KB,N/A,Miscellaneous\image001.png
DOC-0248,image006.jpg,Images_and_Media,.jpg,114.6 KB,N/A,Miscellaneous\image006.jpg
DOC-0249,"2024-08-17__Max_ _femamax@gmail.com__RA, LEGAL CITES dAVID fRAM_201.pdf",Legal_Documents,.pdf,2.2 MB,2024-08-17,"Legal_Documents\2024-08-17__Max_ _femamax@gmail.com__RA, LEGAL CITES dAVID fRAM_201.pdf"
DOC-0250,Individual interrogatories.docx,Legal_Documents,.docx,24.1 KB,N/A,Legal_Documents\Individual interrogatories.docx
DOC-0251,Rebuttal Affidavit of Complainant-IN.pdf,Legal_Documents,.pdf,149.0 KB,N/A,Legal_Documents\Rebuttal Affidavit of Complainant-IN.pdf
DOC-0252,Rebuttal to Affidavit of Witness Anna Myers.docx,Legal_Documents,.docx,17.8 KB,N/A,Legal_Documents\Rebuttal to Affidavit of Witness Anna Myers.docx
DOC-0253,Rebuttal to Affidavit of Witness Donald J. Simko.docx,Legal_Documents,.docx,18.0 KB,N/A,Legal_Documents\Rebuttal to Affidavit of Witness Donald J. Simko.docx
DOC-0254,Rebuttal to Affidavit of Witness Shelia R. Clemons.docx,Legal_Documents,.docx,18.5 KB,N/A,Legal_Documents\Rebuttal to Affidavit of Witness Shelia R. Clemons.docx
DOC-0255,Rebuttal to Affidavit of Witness Traci L. Brasher.docx,Legal_Documents,.docx,18.2 KB,N/A,Legal_Documents\Rebuttal to Affidavit of Witness Traci L. Brasher.docx
DOC-0256,Rebuttal to Affidavits of Witnesses.pdf,Legal_Documents,.pdf,4.2 MB,N/A,Legal_Documents\Rebuttal to Affidavits of Witnesses.pdf
DOC-0257,Rebuttal to FEMA FOIA Response 2025.docx,Legal_Documents,.docx,34.8 KB,N/A,Legal_Documents\Rebuttal to FEMA FOIA Response 2025.docx
DOC-0258,Requested Remedies and Legal Analysis.docx,Legal_Documents,.docx,29.2 KB,N/A,Legal_Documents\Requested Remedies and Legal Analysis.docx
DOC-0259,affidavit of complainant-r4.docx,Legal_Documents,.docx,21.3 KB,N/A,Legal_Documents\affidavit of complainant-r4.docx
DOC-0260,meindl-affidavit of complainant-02-13-2025-r2.docx,Legal_Documents,.docx,282.0 KB,N/A,Legal_Documents\meindl-affidavit of complainant-02-13-2025-r2.docx
DOC-0261,meindl-affidavit of complainant-02-14-2025-r1.docx,Legal_Documents,.docx,288.7 KB,N/A,Legal_Documents\meindl-affidavit of complainant-02-14-2025-r1.docx
DOC-0262,meindl-affidavit of complainant-02-14-2025-r1.pdf,Legal_Documents,.pdf,322.0 KB,N/A,Legal_Documents\meindl-affidavit of complainant-02-14-2025-r1.pdf
DOC-0263,"RA, LEGAL CITES dAVID fRAM.eml",Legal_Emails,.eml,2.5 MB,N/A,"Email_Communications\RA, LEGAL CITES dAVID fRAM.eml"
DOC-0264,GROK FIRST LETTER ATTEMPT.pdf,Letters_Correspondence,.pdf,30.5 KB,N/A,Letters_Correspondence\GROK FIRST LETTER ATTEMPT.pdf
DOC-0265,2021-10-27__Bill Lionberger_ _aspireinhealth@gmail.com__Re_ new from from FEMA_183.pdf,Medical_Records,.pdf,446.8 KB,2021-10-27,Medical_Records\2021-10-27__Bill Lionberger_ _aspireinhealth@gmail.com__Re_ new from from FEMA_183.pdf
DOC-0266,MEDICAL TELEWORK REQUIREMENTS FORM(1).pdf,Medical_Records,.pdf,25.0 KB,N/A,Medical_Records\MEDICAL TELEWORK REQUIREMENTS FORM(1).pdf
DOC-0267,electronic code of federal regulations-part 825—the family and medical leave act of 1993.pdf,Medical_Records,.pdf,757.2 KB,N/A,Medical_Records\electronic code of federal regulations-part 825—the family and medical leave act of 1993.pdf
DOC-0268,heart condition an.pdf,Medical_Records,.pdf,153.8 KB,N/A,Medical_Records\heart condition an.pdf
DOC-0269,medical telework requirements form.pdf,Medical_Records,.pdf,25.0 KB,N/A,Medical_Records\medical telework requirements form.pdf
DOC-0270,ra-medical-from web site clip.docx,Medical_Records,.docx,243.1 KB,N/A,Medical_Records\ra-medical-from web site clip.docx
DOC-0271,va medical images reports-03 apr 2019.pdf,Medical_Records,.pdf,35.8 KB,N/A,Medical_Records\va medical images reports-03 apr 2019.pdf
DOC-0272,va medical images reports-05 apr 2019.pdf,Medical_Records,.pdf,35.8 KB,N/A,Medical_Records\va medical images reports-05 apr 2019.pdf
DOC-0273,va medical images reports-06 aug 2013.pdf,Medical_Records,.pdf,34.7 KB,N/A,Medical_Records\va medical images reports-06 aug 2013.pdf
DOC-0274,va medical images reports-08 aug 2019.pdf,Medical_Records,.pdf,35.7 KB,N/A,Medical_Records\va medical images reports-08 aug 2019.pdf
DOC-0275,va medical images reports-20 jun 2016.pdf,Medical_Records,.pdf,34.8 KB,N/A,Medical_Records\va medical images reports-20 jun 2016.pdf
DOC-0276,123-9-0-1.pdf,Miscellaneous,.pdf,218.4 KB,N/A,Miscellaneous\123-9-0-1.pdf
DOC-0277,1430_1.pdf,Miscellaneous,.pdf,69.0 KB,N/A,Miscellaneous\1430_1.pdf
DOC-0278,178144983700.pdf,Miscellaneous,.pdf,101.6 KB,N/A,Miscellaneous\178144983700.pdf
DOC-0279,2017-dhs-affirmative-action-plan.pdf,Miscellaneous,.pdf,557.9 KB,N/A,Date_Stamped\2017-dhs-affirmative-action-plan.pdf
DOC-0280,"2018-08-15__Meindl, Max_ _max.meindl@fema.dhs.gov__Fwd_ WebTA_157.pdf",Miscellaneous,.pdf,1.2 MB,2018-08-15,"Date_Stamped\2018-08-15__Meindl, Max_ _max.meindl@fema.dhs.gov__Fwd_ WebTA_157.pdf"
DOC-0281,"2019-02-07__Meindl, Max_ _max.meindl@fema.dhs.gov__FW_ WebTA_143.pdf",Miscellaneous,.pdf,1005.5 KB,2019-02-07,"Date_Stamped\2019-02-07__Meindl, Max_ _max.meindl@fema.dhs.gov__FW_ WebTA_143.pdf"
DOC-0282,"2019-03-29__Alexander, Dennis_ _dennis.alexander@fema.dhs.gov__RE_ Update_267.pdf",Miscellaneous,.pdf,1.2 MB,2019-03-29,"Date_Stamped\2019-03-29__Alexander, Dennis_ _dennis.alexander@fema.dhs.gov__RE_ Update_267.pdf"
DOC-0283,"2019-10-28__Meindl, Max_ _max.meindl@fema.dhs.gov__FW_ WebTA_145.pdf",Miscellaneous,.pdf,483.1 KB,2019-10-28,"Date_Stamped\2019-10-28__Meindl, Max_ _max.meindl@fema.dhs.gov__FW_ WebTA_145.pdf"
DOC-0284,"2019-10-28__Meindl, Max_ _max.meindl@fema.dhs.gov__FW_ WebTA_146.pdf",Miscellaneous,.pdf,483.1 KB,2019-10-28,"Date_Stamped\2019-10-28__Meindl, Max_ _max.meindl@fema.dhs.gov__FW_ WebTA_146.pdf"
DOC-0285,"2019-10-28__Meindl, Max_ _max.meindl@fema.dhs.gov__FW_ WebTA_147.pdf",Miscellaneous,.pdf,483.1 KB,2019-10-28,"Date_Stamped\2019-10-28__Meindl, Max_ _max.meindl@fema.dhs.gov__FW_ WebTA_147.pdf"
DOC-0286,2020-03-24_femamax@gmail.com_Chief of Staff comms_21.pdf,Miscellaneous,.pdf,422.0 KB,2020-03-24,Date_Stamped\2020-03-24_femamax@gmail.com_Chief of Staff comms_21.pdf
DOC-0287,2020-03-24_femamax@gmail.com_Chief of Staff comms_22.pdf,Miscellaneous,.pdf,422.0 KB,2020-03-24,Date_Stamped\2020-03-24_femamax@gmail.com_Chief of Staff comms_22.pdf
DOC-0288,2020-03-25__Max_ _femamax@gmail.com__MEINDL_173.pdf,Miscellaneous,.pdf,8.6 MB,2020-03-25,Date_Stamped\2020-03-25__Max_ _femamax@gmail.com__MEINDL_173.pdf
DOC-0289,"2020-03-25__Meindl, Max_ _max.meindl@fema.dhs.gov__FW_ Consideration_238.pdf",Miscellaneous,.pdf,700.0 KB,2020-03-25,"Date_Stamped\2020-03-25__Meindl, Max_ _max.meindl@fema.dhs.gov__FW_ Consideration_238.pdf"
DOC-0290,"2020-03-25__Meindl, Max_ _max.meindl@fema.dhs.gov__FW_ Consideration_239.pdf",Miscellaneous,.pdf,700.0 KB,2020-03-25,"Date_Stamped\2020-03-25__Meindl, Max_ _max.meindl@fema.dhs.gov__FW_ Consideration_239.pdf"
DOC-0291,"2020-03-25__Meindl, Max_ _max.meindl@fema.dhs.gov__FW_ Consideration_240.pdf",Miscellaneous,.pdf,700.0 KB,2020-03-25,"Date_Stamped\2020-03-25__Meindl, Max_ _max.meindl@fema.dhs.gov__FW_ Consideration_240.pdf"
DOC-0292,"2020-03-25__Meindl, Max_ _max.meindl@fema.dhs.gov__FW_ Consideration_241.pdf",Miscellaneous,.pdf,700.0 KB,2020-03-25,"Date_Stamped\2020-03-25__Meindl, Max_ _max.meindl@fema.dhs.gov__FW_ Consideration_241.pdf"
DOC-0293,"2020-03-25__Meindl, Max_ _max.meindl@fema.dhs.gov__FW_ Consideration_242.pdf",Miscellaneous,.pdf,700.0 KB,2020-03-25,"Date_Stamped\2020-03-25__Meindl, Max_ _max.meindl@fema.dhs.gov__FW_ Consideration_242.pdf"
DOC-0294,"2020-03-25__Meindl, Max_ _max.meindl@fema.dhs.gov__FW_ Consideration_243.pdf",Miscellaneous,.pdf,700.0 KB,2020-03-25,"Date_Stamped\2020-03-25__Meindl, Max_ _max.meindl@fema.dhs.gov__FW_ Consideration_243.pdf"
DOC-0295,"2020-06-08__Meindl, Max_ _max.meindl@fema.dhs.gov__FW_ _3.pdf",Miscellaneous,.pdf,953.5 KB,2020-06-08,"Date_Stamped\2020-06-08__Meindl, Max_ _max.meindl@fema.dhs.gov__FW_ _3.pdf"
DOC-0296,"2020-06-08__Meindl, Max_ _max.meindl@fema.dhs.gov__FW_ _4.pdf",Miscellaneous,.pdf,953.5 KB,2020-06-08,"Date_Stamped\2020-06-08__Meindl, Max_ _max.meindl@fema.dhs.gov__FW_ _4.pdf"
DOC-0297,"2020-06-08__Meindl, Max_ _max.meindl@fema.dhs.gov__FW_ _5.pdf",Miscellaneous,.pdf,953.5 KB,2020-06-08,"Date_Stamped\2020-06-08__Meindl, Max_ _max.meindl@fema.dhs.gov__FW_ _5.pdf"
DOC-0298,"2020-06-08__Meindl, Max_ _max.meindl@fema.dhs.gov__FW_ _6.pdf",Miscellaneous,.pdf,953.5 KB,2020-06-08,"Date_Stamped\2020-06-08__Meindl, Max_ _max.meindl@fema.dhs.gov__FW_ _6.pdf"
DOC-0299,2021-08-04__Max_ _femamax@gmail.com__HR_162.pdf,Miscellaneous,.pdf,2.0 MB,2021-08-04,Date_Stamped\2021-08-04__Max_ _femamax@gmail.com__HR_162.pdf
DOC-0300,2021-09-22__Max_ _femamax@gmail.com__INFO_165.pdf,Miscellaneous,.pdf,956.9 KB,2021-09-22,Date_Stamped\2021-09-22__Max_ _femamax@gmail.com__INFO_165.pdf
DOC-0301,"2021-10-25__Meindl, Max_ _max.meindl@fema.dhs.gov__RA CONFIRMATION_198.pdf",Miscellaneous,.pdf,627.2 KB,2021-10-25,"Date_Stamped\2021-10-25__Meindl, Max_ _max.meindl@fema.dhs.gov__RA CONFIRMATION_198.pdf"
DOC-0302,"2021-10-25__Meindl, Max_ _max.meindl@fema.dhs.gov__RE_ ra-sign_234.pdf",Miscellaneous,.pdf,1.3 MB,2021-10-25,"Date_Stamped\2021-10-25__Meindl, Max_ _max.meindl@fema.dhs.gov__RE_ ra-sign_234.pdf"
DOC-0303,2022-03-13__Todd Callender_ _todd@dradvocates.com__RE_ FW_ Notice to Employees Enrollment in COVID-19 Testing Program_134.pdf,Miscellaneous,.pdf,5.3 MB,2022-03-13,Date_Stamped\2022-03-13__Todd Callender_ _todd@dradvocates.com__RE_ FW_ Notice to Employees Enrollment in COVID-19 Testing Program_134.pdf
DOC-0304,2024-12-20__Elisabeth Meindl_ _missmeindl@gmail.com__Final.pdf,Miscellaneous,.pdf,3.3 MB,2024-12-20,Date_Stamped\2024-12-20__Elisabeth Meindl_ _missmeindl@gmail.com__Final.pdf
DOC-0305,2024-12-20__Elisabeth Meindl_ _missmeindl@gmail.com__Final_39.pdf,Miscellaneous,.pdf,3.3 MB,2024-12-20,Date_Stamped\2024-12-20__Elisabeth Meindl_ _missmeindl@gmail.com__Final_39.pdf
DOC-0306,"2024-12-23__Meindl, Max_ _max.meindl@fema.dhs.gov__.pdf",Miscellaneous,.pdf,674.7 KB,2024-12-23,"Date_Stamped\2024-12-23__Meindl, Max_ _max.meindl@fema.dhs.gov__.pdf"
DOC-0307,"2024-12-23__Meindl, Max_ _max.meindl@fema.dhs.gov___8.pdf",Miscellaneous,.pdf,674.7 KB,2024-12-23,"Date_Stamped\2024-12-23__Meindl, Max_ _max.meindl@fema.dhs.gov___8.pdf"
DOC-0308,2025-01-09__Sean Boughey_ _sboughey@forthepeople.com__Update on your Employee Rights claim._275.pdf,Miscellaneous,.pdf,600.2 KB,2025-01-09,Date_Stamped\2025-01-09__Sean Boughey_ _sboughey@forthepeople.com__Update on your Employee Rights claim._275.pdf
DOC-0309,2025-02-13__Max_ _femamax@gmail.com__draft_24.pdf,Miscellaneous,.pdf,736.7 KB,2025-02-13,Date_Stamped\2025-02-13__Max_ _femamax@gmail.com__draft_24.pdf
DOC-0310,2025-02-14__Max_ _femamax@gmail.com__.pdf,Miscellaneous,.pdf,722.2 KB,2025-02-14,Date_Stamped\2025-02-14__Max_ _femamax@gmail.com__.pdf
DOC-0311,2025-02-14__Max_ _femamax@gmail.com___10.pdf,Miscellaneous,.pdf,722.2 KB,2025-02-14,Date_Stamped\2025-02-14__Max_ _femamax@gmail.com___10.pdf
DOC-0312,2025-02-14__Max_ _femamax@gmail.com__revision_272.pdf,Miscellaneous,.pdf,724.1 KB,2025-02-14,Date_Stamped\2025-02-14__Max_ _femamax@gmail.com__revision_272.pdf
DOC-0313,2025-02-16__Max_ _femamax@gmail.com__Re_ Revision 2 of scan_270.pdf,Miscellaneous,.pdf,576.0 KB,2025-02-16,Date_Stamped\2025-02-16__Max_ _femamax@gmail.com__Re_ Revision 2 of scan_270.pdf
DOC-0314,3 - Cadre of On-Call Response_Recovery Employee (CORE) Program_FM252-11-1.pdf,Miscellaneous,.pdf,547.3 KB,N/A,ADR_Documents\3 - Cadre of On-Call Response_Recovery Employee (CORE) Program_FM252-11-1.pdf
DOC-0315,3 - cadre of on-call response_recovery employee (core) program_fm252-11-1-merged.pdf,Miscellaneous,.pdf,10.2 MB,N/A,ADR_Documents\3 - cadre of on-call response_recovery employee (core) program_fm252-11-1-merged.pdf
DOC-0316,3000_3.pdf,Miscellaneous,.pdf,146.6 KB,N/A,Miscellaneous\3000_3.pdf
DOC-0317,806726.pdf,Miscellaneous,.pdf,1.2 MB,N/A,Miscellaneous\806726.pdf
DOC-0318,ANTHONY IN-All Mail Items.pdf,Miscellaneous,.pdf,20.2 MB,N/A,Email_Communications\ANTHONY IN-All Mail Items.pdf
DOC-0319,Binder2.pdf,Miscellaneous,.pdf,11.0 MB,N/A,Miscellaneous\Binder2.pdf
DOC-0320,CONFIRMATION OF FILING.pdf,Miscellaneous,.pdf,178.3 KB,N/A,Miscellaneous\CONFIRMATION OF FILING.pdf
DOC-0321,Date.docx,Miscellaneous,.docx,27.1 KB,N/A,Miscellaneous\Date.docx
DOC-0322,Detailed Table of Events.docx,Miscellaneous,.docx,32.9 KB,N/A,Miscellaneous\Detailed Table of Events.docx
DOC-0323,Detailed Table of Events.pdf,Miscellaneous,.pdf,207.4 KB,N/A,Miscellaneous\Detailed Table of Events.pdf
DOC-0324,EMAIL DOCUMENTATION.pdf,Miscellaneous,.pdf,2.4 MB,N/A,Email_Communications\EMAIL DOCUMENTATION.pdf
DOC-0325,EMAILS-1.pdf,Miscellaneous,.pdf,1.8 MB,N/A,Email_Communications\EMAILS-1.pdf
DOC-0326,EMAILS-2.pdf,Miscellaneous,.pdf,1.7 MB,N/A,Email_Communications\EMAILS-2.pdf
DOC-0327,EMAILS-3.pdf,Miscellaneous,.pdf,3.1 MB,N/A,Email_Communications\EMAILS-3.pdf
DOC-0328,FEMA-OCHCO-All Mail Items.pdf,Miscellaneous,.pdf,3.3 MB,N/A,Email_Communications\FEMA-OCHCO-All Mail Items.pdf
DOC-0329,FM 123-9-1.pdf,Miscellaneous,.pdf,815.2 KB,N/A,Miscellaneous\FM 123-9-1.pdf
DOC-0330,FTR2011-02Complete.pdf,Miscellaneous,.pdf,5.1 MB,N/A,Miscellaneous\FTR2011-02Complete.pdf
DOC-0331,Final Response 2025-FEFO-01396.pdf,Miscellaneous,.pdf,309.3 KB,N/A,Date_Stamped\Final Response 2025-FEFO-01396.pdf
DOC-0332,GRETA SCHAUER-ADR-All Mail Items.pdf,Miscellaneous,.pdf,1.4 MB,N/A,Email_Communications\GRETA SCHAUER-ADR-All Mail Items.pdf
DOC-0333,Guidance-for-Using-the-2010-EEO-Tabulation-UPDATED-July-2013.pdf,Miscellaneous,.pdf,43.5 KB,N/A,Miscellaneous\Guidance-for-Using-the-2010-EEO-Tabulation-UPDATED-July-2013.pdf
DOC-0334,Individual.docx,Miscellaneous,.docx,19.7 KB,N/A,Miscellaneous\Individual.docx
DOC-0335,LICENSE,Miscellaneous,,6.9 KB,N/A,Miscellaneous\LICENSE
DOC-0336,MARTING CONVO.docx,Miscellaneous,.docx,91.6 KB,N/A,Miscellaneous\MARTING CONVO.docx
DOC-0337,Max J.docx,Miscellaneous,.docx,24.4 KB,N/A,Miscellaneous\Max J.docx
DOC-0338,Meindl_1stLineDecisionFTTWRequest - Oke review (002) to JLJ.pdf,Miscellaneous,.pdf,279.4 KB,N/A,Miscellaneous\Meindl_1stLineDecisionFTTWRequest - Oke review (002) to JLJ.pdf
DOC-0339,Merge Result-1.pdf,Miscellaneous,.pdf,10.2 MB,N/A,Miscellaneous\Merge Result-1.pdf
DOC-0340,OCR-EEO-All Mail Items.pdf,Miscellaneous,.pdf,3.4 MB,N/A,Email_Communications\OCR-EEO-All Mail Items.pdf
DOC-0341,PART 752-ADVERSE ACTIONS.pdf,Miscellaneous,.pdf,70.7 KB,N/A,Miscellaneous\PART 752-ADVERSE ACTIONS.pdf
DOC-0342,PDF MERGE_split_FIRST PART.pdf,Miscellaneous,.pdf,17.9 MB,N/A,Miscellaneous\PDF MERGE_split_FIRST PART.pdf
DOC-0343,PDF MERGE_split_SECOND PART_PART 1.pdf,Miscellaneous,.pdf,13.2 MB,N/A,Miscellaneous\PDF MERGE_split_SECOND PART_PART 1.pdf
DOC-0344,PDF MERGE_split_SECOND PART_PART 2.pdf,Miscellaneous,.pdf,13.5 MB,N/A,Miscellaneous\PDF MERGE_split_SECOND PART_PART 2.pdf
DOC-0345,PDFen.pdf,Miscellaneous,.pdf,6.6 MB,N/A,Miscellaneous\PDFen.pdf
DOC-0346,README.md,Miscellaneous,.md,38.0 B,N/A,Miscellaneous\README.md
DOC-0347,Subject-CHANGE OF VENUE REQUEST.docx,Miscellaneous,.docx,15.8 KB,N/A,Miscellaneous\Subject-CHANGE OF VENUE REQUEST.docx
DOC-0348,V1-Getting_Started.pdf,Miscellaneous,.pdf,1.0 MB,N/A,Miscellaneous\V1-Getting_Started.pdf
DOC-0349,cursor_current_processing_status_update-052525.md,Miscellaneous,.md,878.0 KB,N/A,Miscellaneous\cursor_current_processing_status_update-052525.md
DOC-0350,did i accurately sum up your allegations.docx,Miscellaneous,.docx,17.0 KB,N/A,Miscellaneous\did i accurately sum up your allegations.docx
DOC-0351,disab.pdf,Miscellaneous,.pdf,509.0 KB,N/A,Miscellaneous\disab.pdf
DOC-0352,dr. gay.pdf,Miscellaneous,.pdf,185.7 KB,N/A,Miscellaneous\dr. gay.pdf
DOC-0353,geico.pdf,Miscellaneous,.pdf,65.6 KB,N/A,Miscellaneous\geico.pdf
DOC-0354,humanresourcesflexibilitiesauthorities.pdf,Miscellaneous,.pdf,1.7 MB,N/A,Miscellaneous\humanresourcesflexibilitiesauthorities.pdf
DOC-0355,index.md,Miscellaneous,.md,8.8 KB,N/A,Miscellaneous\index.md
DOC-0356,jan teleworik ppt.pdf,Miscellaneous,.pdf,1.5 MB,N/A,Miscellaneous\jan teleworik ppt.pdf
DOC-0357,l4060---fema-contract.pdf,Miscellaneous,.pdf,1.1 MB,N/A,Miscellaneous\l4060---fema-contract.pdf
DOC-0358,md-110.pdf,Miscellaneous,.pdf,1.6 MB,N/A,Miscellaneous\md-110.pdf
DOC-0359,merged-1.pdf,Miscellaneous,.pdf,3.8 MB,N/A,Miscellaneous\merged-1.pdf
DOC-0360,mistakes to avoid.pdf,Miscellaneous,.pdf,1.6 MB,N/A,Miscellaneous\mistakes to avoid.pdf
DOC-0361,plaw-111publ292.pdf,Miscellaneous,.pdf,146.0 KB,N/A,Miscellaneous\plaw-111publ292.pdf
DOC-0362,ra-03032020-cdc.docx,Miscellaneous,.docx,23.9 KB,N/A,Date_Stamped\ra-03032020-cdc.docx
DOC-0363,religious from web page.docx,Miscellaneous,.docx,265.5 KB,N/A,Miscellaneous\religious from web page.docx
DOC-0364,statment V2.docx,Miscellaneous,.docx,22.3 KB,N/A,Miscellaneous\statment V2.docx
DOC-0365,statment V2.pdf,Miscellaneous,.pdf,24.2 KB,N/A,Miscellaneous\statment V2.pdf
DOC-0366,things-consider-brochure-june-2016pdf.pdf,Miscellaneous,.pdf,573.0 KB,N/A,Miscellaneous\things-consider-brochure-june-2016pdf.pdf
DOC-0367,your_rights_as_a_federal_employee.pdf,Miscellaneous,.pdf,30.2 KB,N/A,Miscellaneous\your_rights_as_a_federal_employee.pdf
DOC-0368,"2020-03-25__Cvijanovic, Marko_ _MCvijanovic@osc.gov__RE_ MEINDL_175.pdf",OSC_Documents,.pdf,688.2 KB,2020-03-25,"OSC_Documents\2020-03-25__Cvijanovic, Marko_ _MCvijanovic@osc.gov__RE_ MEINDL_175.pdf"
DOC-0369,"2020-03-25__Cvijanovic, Marko_ _MCvijanovic@osc.gov__RE_ MEINDL_176.pdf",OSC_Documents,.pdf,688.2 KB,2020-03-25,"OSC_Documents\2020-03-25__Cvijanovic, Marko_ _MCvijanovic@osc.gov__RE_ MEINDL_176.pdf"
DOC-0370,"2020-03-25__Cvijanovic, Marko_ _MCvijanovic@osc.gov__RE_ MEINDL_177.pdf",OSC_Documents,.pdf,688.2 KB,2020-03-25,"OSC_Documents\2020-03-25__Cvijanovic, Marko_ _MCvijanovic@osc.gov__RE_ MEINDL_177.pdf"
DOC-0371,"2020-03-25__Cvijanovic, Marko_ _MCvijanovic@osc.gov__RE_ MEINDL_178.pdf",OSC_Documents,.pdf,688.2 KB,2020-03-25,"OSC_Documents\2020-03-25__Cvijanovic, Marko_ _MCvijanovic@osc.gov__RE_ MEINDL_178.pdf"
DOC-0372,"2020-03-25__Cvijanovic, Marko_ _MCvijanovic@osc.gov__RE_ MEINDL_179.pdf",OSC_Documents,.pdf,688.2 KB,2020-03-25,"OSC_Documents\2020-03-25__Cvijanovic, Marko_ _MCvijanovic@osc.gov__RE_ MEINDL_179.pdf"
DOC-0373,"2020-03-25__Cvijanovic, Marko_ _MCvijanovic@osc.gov__RE_ MEINDL_180.pdf",OSC_Documents,.pdf,688.2 KB,2020-03-25,"OSC_Documents\2020-03-25__Cvijanovic, Marko_ _MCvijanovic@osc.gov__RE_ MEINDL_180.pdf"
DOC-0374,"2020-03-25__Cvijanovic, Marko_ _MCvijanovic@osc.gov__RE_ MEINDL_181.pdf",OSC_Documents,.pdf,688.2 KB,2020-03-25,"OSC_Documents\2020-03-25__Cvijanovic, Marko_ _MCvijanovic@osc.gov__RE_ MEINDL_181.pdf"
DOC-0375,2020-04-01__Max_ _femamax@gmail.com__Re_ OSC Case No. MA-20-1288.pdf,OSC_Documents,.pdf,662.0 KB,2020-04-01,OSC_Documents\2020-04-01__Max_ _femamax@gmail.com__Re_ OSC Case No. MA-20-1288.pdf
DOC-0376,2020-04-01__Max_ _femamax@gmail.com__Re_ OSC Case No. MA-20-1288_186.pdf,OSC_Documents,.pdf,662.0 KB,2020-04-01,OSC_Documents\2020-04-01__Max_ _femamax@gmail.com__Re_ OSC Case No. MA-20-1288_186.pdf
DOC-0377,2020-04-01__Max_ _femamax@gmail.com__Re_ OSC Case No. MA-20-1288_187.pdf,OSC_Documents,.pdf,662.0 KB,2020-04-01,OSC_Documents\2020-04-01__Max_ _femamax@gmail.com__Re_ OSC Case No. MA-20-1288_187.pdf
DOC-0378,2020-04-01__Max_ _femamax@gmail.com__Re_ OSC Case No. MA-20-1288_188.pdf,OSC_Documents,.pdf,662.0 KB,2020-04-01,OSC_Documents\2020-04-01__Max_ _femamax@gmail.com__Re_ OSC Case No. MA-20-1288_188.pdf
DOC-0379,"2020-04-14__Cvijanovic, Marko_ _MCvijanovic@osc.gov__OSC Case No. MA-20-1288_189.pdf",OSC_Documents,.pdf,517.5 KB,2020-04-14,"OSC_Documents\2020-04-14__Cvijanovic, Marko_ _MCvijanovic@osc.gov__OSC Case No. MA-20-1288_189.pdf"
DOC-0380,"2020-04-14__Cvijanovic, Marko_ _MCvijanovic@osc.gov__OSC Case No. MA-20-1288_190.pdf",OSC_Documents,.pdf,517.5 KB,2020-04-14,"OSC_Documents\2020-04-14__Cvijanovic, Marko_ _MCvijanovic@osc.gov__OSC Case No. MA-20-1288_190.pdf"
DOC-0381,"2020-04-14__Cvijanovic, Marko_ _MCvijanovic@osc.gov__OSC Case No. MA-20-1288_191.pdf",OSC_Documents,.pdf,517.5 KB,2020-04-14,"OSC_Documents\2020-04-14__Cvijanovic, Marko_ _MCvijanovic@osc.gov__OSC Case No. MA-20-1288_191.pdf"
DOC-0382,"2020-04-14__Cvijanovic, Marko_ _MCvijanovic@osc.gov__OSC Case No. MA-20-1288_192.pdf",OSC_Documents,.pdf,517.5 KB,2020-04-14,"OSC_Documents\2020-04-14__Cvijanovic, Marko_ _MCvijanovic@osc.gov__OSC Case No. MA-20-1288_192.pdf"
DOC-0383,osc form-14 prohibited personnel practice form.pdf,OSC_Documents,.pdf,783.0 KB,N/A,OSC_Documents\osc form-14 prohibited personnel practice form.pdf
DOC-0384,OSC Case No. MA-20-1288.eml,OSC_Emails,.eml,8.8 KB,N/A,OSC_Documents\OSC Case No. MA-20-1288.eml
DOC-0385,OSC Case No. MA-20-1288.eml[1][1] (2).eml,OSC_Emails,.eml,214.0 KB,N/A,OSC_Documents\OSC Case No. MA-20-1288.eml[1][1] (2).eml
DOC-0386,OSC Case No. MA-20-1288.eml[1][1](1).eml,OSC_Emails,.eml,214.0 KB,N/A,OSC_Documents\OSC Case No. MA-20-1288.eml[1][1](1).eml
DOC-0387,OSC Case No. MA-20-1288.eml[1][1](2).eml,OSC_Emails,.eml,214.0 KB,N/A,OSC_Documents\OSC Case No. MA-20-1288.eml[1][1](2).eml
DOC-0388,OSC Case No. MA-20-1288.eml[1][1].eml,OSC_Emails,.eml,214.0 KB,N/A,OSC_Documents\OSC Case No. MA-20-1288.eml[1][1].eml
DOC-0389,OSC Case No. MA-20-1288.eml[2] (2).eml,OSC_Emails,.eml,14.8 KB,N/A,OSC_Documents\OSC Case No. MA-20-1288.eml[2] (2).eml
DOC-0390,OSC Case No. MA-20-1288.eml[2](1).eml,OSC_Emails,.eml,14.8 KB,N/A,OSC_Documents\OSC Case No. MA-20-1288.eml[2](1).eml
DOC-0391,OSC Case No. MA-20-1288.eml[2](2).eml,OSC_Emails,.eml,14.8 KB,N/A,OSC_Documents\OSC Case No. MA-20-1288.eml[2](2).eml
DOC-0392,OSC Case No. MA-20-1288.eml[2].eml,OSC_Emails,.eml,14.8 KB,N/A,OSC_Documents\OSC Case No. MA-20-1288.eml[2].eml
DOC-0393,Re_ OSC Case No. MA-20-1288.eml,OSC_Emails,.eml,217.6 KB,N/A,OSC_Documents\Re_ OSC Case No. MA-20-1288.eml
DOC-0394,FY 2024 462 Instruction Manual 2024Sep16_508FINAL.pdf,Policy_Documents,.pdf,4.2 MB,N/A,Policy_Documents\FY 2024 462 Instruction Manual 2024Sep16_508FINAL.pdf
DOC-0395,Federal Workforce Keyboard Navigation Manual-Final.pdf,Policy_Documents,.pdf,1.6 MB,N/A,Policy_Documents\Federal Workforce Keyboard Navigation Manual-Final.pdf
DOC-0396,OAS_5770.1_Local_Travel_(Policy_Signed_on_January_28__2015).pdf,Policy_Documents,.pdf,134.3 KB,N/A,Policy_Documents\OAS_5770.1_Local_Travel_(Policy_Signed_on_January_28__2015).pdf
DOC-0397,Policy Guidance on Executive.pdf,Policy_Documents,.pdf,7.7 MB,N/A,Policy_Documents\Policy Guidance on Executive.pdf
DOC-0398,fair treatment and respect policy 2014.pdf,Policy_Documents,.pdf,131.1 KB,N/A,Policy_Documents\fair treatment and respect policy 2014.pdf
DOC-0399,fd_123_14_hiring_people_with_disabilities.pdf,Policy_Documents,.pdf,357.4 KB,N/A,Policy_Documents\fd_123_14_hiring_people_with_disabilities.pdf
DOC-0400,fema-directive-123-0-2-1.pdf,Policy_Documents,.pdf,258.1 KB,N/A,Policy_Documents\fema-directive-123-0-2-1.pdf
DOC-0401,fema_manual_1430_1_reasonable_accommodations.pdf,Policy_Documents,.pdf,230.5 KB,N/A,Policy_Documents\fema_manual_1430_1_reasonable_accommodations.pdf
DOC-0402,fema_ocr_reasonable-accomodation-policy_032025.pdf,Policy_Documents,.pdf,615.5 KB,N/A,Policy_Documents\fema_ocr_reasonable-accomodation-policy_032025.pdf
DOC-0403,reasonable-accommodation-policy_2020.pdf,Policy_Documents,.pdf,582.5 KB,N/A,Policy_Documents\reasonable-accommodation-policy_2020.pdf
DOC-0404,"2019-02-27__Meindl, Max_ _max.meindl@fema.dhs.gov__RA_212.pdf",RA_Documents,.pdf,940.9 KB,2019-02-27,"RA_Documents\2019-02-27__Meindl, Max_ _max.meindl@fema.dhs.gov__RA_212.pdf"
DOC-0405,"2019-06-26__Meindl, Max_ _max.meindl@fema.dhs.gov__FW_ Reasonable accommodation _138.pdf",RA_Documents,.pdf,973.6 KB,2019-06-26,"RA_Documents\2019-06-26__Meindl, Max_ _max.meindl@fema.dhs.gov__FW_ Reasonable accommodation _138.pdf"
DOC-0406,"2019-06-26__Meindl, Max_ _max.meindl@fema.dhs.gov__FW_ Reasonable accommodation _139.pdf",RA_Documents,.pdf,973.6 KB,2019-06-26,"RA_Documents\2019-06-26__Meindl, Max_ _max.meindl@fema.dhs.gov__FW_ Reasonable accommodation _139.pdf"
DOC-0407,2020-03-04_femamax@gmail.com_ra_215.pdf,RA_Documents,.pdf,1.2 MB,2020-03-04,RA_Documents\2020-03-04_femamax@gmail.com_ra_215.pdf
DOC-0408,2021-09-20__Max_ _femamax@gmail.com__RA_229.pdf,RA_Documents,.pdf,447.4 KB,2021-09-20,RA_Documents\2021-09-20__Max_ _femamax@gmail.com__RA_229.pdf
DOC-0409,"2021-10-27__Meindl, Max_ _max.meindl@fema.dhs.gov__RE_ ra.pdf",RA_Documents,.pdf,1.3 MB,2021-10-27,"RA_Documents\2021-10-27__Meindl, Max_ _max.meindl@fema.dhs.gov__RE_ ra.pdf"
DOC-0410,2021-10-28__Max_ _femamax@gmail.com__RA_227.pdf,RA_Documents,.pdf,5.7 MB,2021-10-28,RA_Documents\2021-10-28__Max_ _femamax@gmail.com__RA_227.pdf
DOC-0411,"2021-10-28__Meindl, Max_ _max.meindl@fema.dhs.gov__ra.pdf",RA_Documents,.pdf,628.8 KB,2021-10-28,"RA_Documents\2021-10-28__Meindl, Max_ _max.meindl@fema.dhs.gov__ra.pdf"
DOC-0412,"2021-10-28__Meindl, Max_ _max.meindl@fema.dhs.gov__ra_222.pdf",RA_Documents,.pdf,628.8 KB,2021-10-28,"RA_Documents\2021-10-28__Meindl, Max_ _max.meindl@fema.dhs.gov__ra_222.pdf"
DOC-0413,"2021-10-28__Meindl, Max_ _max.meindl@fema.dhs.gov__ra_223.pdf",RA_Documents,.pdf,628.8 KB,2021-10-28,"RA_Documents\2021-10-28__Meindl, Max_ _max.meindl@fema.dhs.gov__ra_223.pdf"
DOC-0414,"2021-11-02__Meindl, Max_ _max.meindl@fema.dhs.gov__RA.pdf",RA_Documents,.pdf,890.0 KB,2021-11-02,"RA_Documents\2021-11-02__Meindl, Max_ _max.meindl@fema.dhs.gov__RA.pdf"
DOC-0415,"2021-11-02__Meindl, Max_ _max.meindl@fema.dhs.gov__RA_218.pdf",RA_Documents,.pdf,890.0 KB,2021-11-02,"RA_Documents\2021-11-02__Meindl, Max_ _max.meindl@fema.dhs.gov__RA_218.pdf"
DOC-0416,"2021-11-02__Meindl, Max_ _max.meindl@fema.dhs.gov__RA_219.pdf",RA_Documents,.pdf,890.0 KB,2021-11-02,"RA_Documents\2021-11-02__Meindl, Max_ _max.meindl@fema.dhs.gov__RA_219.pdf"
DOC-0417,"2021-11-09__Meindl, Max_ _max.meindl@fema.dhs.gov__RA.pdf",RA_Documents,.pdf,1.8 MB,2021-11-09,"RA_Documents\2021-11-09__Meindl, Max_ _max.meindl@fema.dhs.gov__RA.pdf"
DOC-0418,"2021-11-09__Meindl, Max_ _max.meindl@fema.dhs.gov__RA_203.pdf",RA_Documents,.pdf,628.2 KB,2021-11-09,"RA_Documents\2021-11-09__Meindl, Max_ _max.meindl@fema.dhs.gov__RA_203.pdf"
DOC-0419,"2021-11-09__Meindl, Max_ _max.meindl@fema.dhs.gov__RA_213.pdf",RA_Documents,.pdf,1.8 MB,2021-11-09,"RA_Documents\2021-11-09__Meindl, Max_ _max.meindl@fema.dhs.gov__RA_213.pdf"
DOC-0420,"2021-11-09__Meindl, Max_ _max.meindl@fema.dhs.gov__RA_220.pdf",RA_Documents,.pdf,628.2 KB,2021-11-09,"RA_Documents\2021-11-09__Meindl, Max_ _max.meindl@fema.dhs.gov__RA_220.pdf"
DOC-0421,"2021-11-09__Meindl, Max_ _max.meindl@fema.dhs.gov__RA_221.pdf",RA_Documents,.pdf,628.2 KB,2021-11-09,"RA_Documents\2021-11-09__Meindl, Max_ _max.meindl@fema.dhs.gov__RA_221.pdf"
DOC-0422,"2024-08-19__Meindl, Max_ _max.meindl@fema.dhs.gov__ra_216.pdf",RA_Documents,.pdf,424.5 KB,2024-08-19,"RA_Documents\2024-08-19__Meindl, Max_ _max.meindl@fema.dhs.gov__ra_216.pdf"
DOC-0423,"2024-08-19__Meindl, Max_ _max.meindl@fema.dhs.gov__ra_217.pdf",RA_Documents,.pdf,424.5 KB,2024-08-19,"RA_Documents\2024-08-19__Meindl, Max_ _max.meindl@fema.dhs.gov__ra_217.pdf"
DOC-0424,256-0-2 MANAGEMENT RESPONSE to REQ for RA Max s.pdf,RA_Documents,.pdf,1.3 MB,N/A,RA_Documents\256-0-2 MANAGEMENT RESPONSE to REQ for RA Max s.pdf
DOC-0425,256-0-2 MANAGEMENT RESPONSE to REQ for RA Meindl-first.pdf,RA_Documents,.pdf,2.3 MB,N/A,RA_Documents\256-0-2 MANAGEMENT RESPONSE to REQ for RA Meindl-first.pdf
DOC-0426,FW_ Max Meindl Reasonable Accommodation Request.pdf,RA_Documents,.pdf,446.4 KB,N/A,RA_Documents\FW_ Max Meindl Reasonable Accommodation Request.pdf
DOC-0427,FW_ Reasonable Accommodation Request# RAR0017691 (1).pdf,RA_Documents,.pdf,262.3 KB,N/A,RA_Documents\FW_ Reasonable Accommodation Request# RAR0017691 (1).pdf
DOC-0428,Final Agency Denial Letter _Meindl Max (RAR0046767)- FINAL.pdf,RA_Documents,.pdf,153.2 KB,N/A,RA_Documents\Final Agency Denial Letter _Meindl Max (RAR0046767)- FINAL.pdf
DOC-0429,MEINDL-RA.pdf,RA_Documents,.pdf,8.4 MB,N/A,RA_Documents\MEINDL-RA.pdf
DOC-0430,RE_ Max Meindl Reasonable Accommodation Request(1).pdf,RA_Documents,.pdf,530.2 KB,N/A,RA_Documents\RE_ Max Meindl Reasonable Accommodation Request(1).pdf
DOC-0431,RE_ Your request for Reasonable Accommodation R...(1).pdf,RA_Documents,.pdf,271.6 KB,N/A,RA_Documents\RE_ Your request for Reasonable Accommodation R...(1).pdf
DOC-0432,Reasonable Accomodation-FEMA Form 256-0-1-08232018.pdf,RA_Documents,.pdf,1.1 MB,N/A,RA_Documents\Reasonable Accomodation-FEMA Form 256-0-1-08232018.pdf
DOC-0433,Request Reasonable Accommodation Form 256-0-1-01-02-2024.pdf,RA_Documents,.pdf,1.1 MB,N/A,RA_Documents\Request Reasonable Accommodation Form 256-0-1-01-02-2024.pdf
DOC-0434,fact sheet - ra - employees guide to fema ra process.pdf,RA_Documents,.pdf,283.1 KB,N/A,RA_Documents\fact sheet - ra - employees guide to fema ra process.pdf
DOC-0435,final agency denial letter _meindl max (rar0046767)- final-2.pdf,RA_Documents,.pdf,153.2 KB,N/A,RA_Documents\final agency denial letter _meindl max (rar0046767)- final-2.pdf
DOC-0436,Case Strengths Summary.docx,Reports_and_Analysis,.docx,17.3 KB,N/A,Miscellaneous\Case Strengths Summary.docx
DOC-0437,Effectiveness of ADR Report_508.pdf,Reports_and_Analysis,.pdf,453.8 KB,N/A,ADR_Documents\Effectiveness of ADR Report_508.pdf
DOC-0438,PERPLEXITY SUMMARY-APRIL 2025.docx,Reports_and_Analysis,.docx,112.1 KB,N/A,Miscellaneous\PERPLEXITY SUMMARY-APRIL 2025.docx
DOC-0439,EMAIL EXPORT-04-25-25.CSV,Spreadsheets,.csv,424.7 KB,N/A,Email_Communications\EMAIL EXPORT-04-25-25.CSV
DOC-0440,RA EMAIL ALL FOUND-12-05-2024.xlsx,Spreadsheets,.xlsx,281.6 KB,N/A,Email_Communications\RA EMAIL ALL FOUND-12-05-2024.xlsx
DOC-0441,RA EMAIL LIST-12-04-24.CSV,Spreadsheets,.csv,2.1 MB,N/A,Email_Communications\RA EMAIL LIST-12-04-24.CSV
DOC-0442,OPM telework agency2a-guide.pdf,Telework_Documents,.pdf,106.8 KB,N/A,Telework_Documents\OPM telework agency2a-guide.pdf
DOC-0443,TELEWORK REQUEST FOR 07242018-PLUS 4 HOURS SICK DAY.pdf,Telework_Documents,.pdf,241.4 KB,N/A,Telework_Documents\TELEWORK REQUEST FOR 07242018-PLUS 4 HOURS SICK DAY.pdf
DOC-0444,guide-to-telework-in-the-federal-government.pdf,Telework_Documents,.pdf,1.1 MB,N/A,Telework_Documents\guide-to-telework-in-the-federal-government.pdf
DOC-0445,meindel iii max j. (final notice of termination of appointment) (002).pdf,Termination_Documents,.pdf,250.3 KB,N/A,Miscellaneous\meindel iii max j. (final notice of termination of appointment) (002).pdf
DOC-0446,Guide_to_Brief_Writing_for_Pro_Se_Complainants.pdf,Training_Documents,.pdf,576.8 KB,N/A,Miscellaneous\Guide_to_Brief_Writing_for_Pro_Se_Complainants.pdf
DOC-0447,meindl-va allergies.pdf,VA_Documents,.pdf,31.8 KB,N/A,VA_Documents\meindl-va allergies.pdf
DOC-0448,va admissions and discharges.pdf,VA_Documents,.pdf,94.6 KB,N/A,VA_Documents\va admissions and discharges.pdf
DOC-0449,va medication history.pdf,VA_Documents,.pdf,118.4 KB,N/A,VA_Documents\va medication history.pdf
DOC-0450,va problem list.pdf,VA_Documents,.pdf,44.5 KB,N/A,VA_Documents\va problem list.pdf
